city,country,population,reference_date,state
Ānqìng,China,570538,2010-11-01,anhui
Bèngbù [ Bengbu ],China,793866,2010-11-01,anhui
Bówàng,China,88712,,anhui
Bózhōu,China,474318,2010-11-01,anhui
Chángfēng,China,188225,2010-11-01,anhui
Cháohú ( Jūcháo ),China,404789,2010-11-01,anhui
Chízhōu ( Guìchí ),China,289122,2010-11-01,anhui
Chúzhōu,China,392461,2010-11-01,anhui
Dàngshān,China,286981,2010-11-01,anhui
Dāngtú,China,211521,2010-11-01,anhui
Dìngyuăn,China,214062,2010-11-01,anhui
Dōngzhì,China,204663,2010-11-01,anhui
Fánchāng,China,113011,2010-11-01,anhui
Féidōng,China,303171,2010-11-01,anhui
Féixī,China,297150,2010-11-01,anhui
Fèngtái,China,203629,2010-11-01,anhui
Fèngyáng,China,180319,2010-11-01,anhui
Fùnán,China,267769,2010-11-01,anhui
Fùyáng [ Fuyang ],China,780522,2010-11-01,anhui
Guăngdé,China,224940,2010-11-01,anhui
Gùzhèn,China,134303,2010-11-01,anhui
Hánshān,China,125647,2010-11-01,anhui
Héféi [ Hofei ],China,3098727,2010-11-01,anhui
Héxiàn,China,231820,2010-11-01,anhui
Huáibĕi [ Huaibei ],China,854696,2010-11-01,anhui
Huáinán [ Huainan ],China,1238488,2010-11-01,anhui
Huáiníng,China,221545,2010-11-01,anhui
Huáiyuăn,China,251452,2010-11-01,anhui
Huángshān ( Túnxī ),China,287576,2010-11-01,anhui
Huòqiū,China,296081,2010-11-01,anhui
Huòshān,China,187343,2010-11-01,anhui
Jièshŏu,China,214776,2010-11-01,anhui
Jīngxiàn,China,112479,2010-11-01,anhui
Jīnzhài,China,157811,2010-11-01,anhui
Jìxī,China,64230,2010-11-01,anhui
Lái'ān,China,144675,2010-11-01,anhui
Lángxī,China,104038,2010-11-01,anhui
Língbì,China,246395,2010-11-01,anhui
Línquán,China,306687,2010-11-01,anhui
Lìxīn,China,291618,2010-11-01,anhui
Lù'ān [ Lu'an ],China,661217,2010-11-01,anhui
Lújiāng,China,387895,2010-11-01,anhui
Mă'ānshān [ Ma'anshan ],China,657847,2010-11-01,anhui
Mĕngchéng,China,272836,2010-11-01,anhui
Míngguāng ( Jiāshān ),China,204323,2010-11-01,anhui
Nánlíng,China,141831,2010-11-01,anhui
Níngguó,China,231090,2010-11-01,anhui
Qiánshān,China,165779,2010-11-01,anhui
Qímén,China,50863,2010-11-01,anhui
Qīngyáng,China,99541,2010-11-01,anhui
Quánjiāo,China,173905,2010-11-01,anhui
Shèxiàn,China,117510,2010-11-01,anhui
Shòuxiàn,China,352612,2010-11-01,anhui
Shūchéng,China,299470,2010-11-01,anhui
Sìxiàn,China,147684,2010-11-01,anhui
Suīxī,China,264855,2010-11-01,anhui
Sùsōng,China,169766,2010-11-01,anhui
Sùzhōu [ Suzhou ],China,742685,2010-11-01,anhui
Tàihé,China,463837,2010-11-01,anhui
Tàihú,China,117512,2010-11-01,anhui
Tiāncháng,China,324625,2010-11-01,anhui
Tóngchéng,China,269346,2010-11-01,anhui
Tónglíng ( incl. Yì'ān ),China,526261,2010-11-01,anhui
Wàngjiāng,China,173554,2010-11-01,anhui
Wānzhǐ ( Wúhú ),China,112093,2010-11-01,anhui
Wōyáng,China,319949,2010-11-01,anhui
Wŭhé,China,193933,2010-11-01,anhui
Wúhú [ Wuhu ],China,1108087,2010-11-01,anhui
Wúwéi,China,424165,2010-11-01,anhui
Xiāoxiàn,China,247117,2010-11-01,anhui
Xiūníng,China,70803,2010-11-01,anhui
Xuānchéng ( Xuānzhōu ),China,315058,2010-11-01,anhui
Yĭngshàng,China,359533,2010-11-01,anhui
Yuèxī,China,75481,2010-11-01,anhui
Zōngyáng,China,189973,2010-11-01,anhui
Bĕijīng [ Beijing ],China,16704306,2010-11-01,beijing
Yánqìng,China,154386,2010-11-01,beijing
Bìshān,China,246425,2010-11-01,chongqing
Chángshòu,China,408261,2010-11-01,chongqing
Chéngkŏu,China,49039,2010-11-01,chongqing
"Chóngqìng ( incl. Bānán, Jiāngbĕi ) [ Chungking ]",China,6263790,2010-11-01,chongqing
Dàzú ( incl. Shuāngqiáo ),China,315183,2010-11-01,chongqing
Diànjiāng,China,241424,2010-11-01,chongqing
Fēngdū,China,224003,2010-11-01,chongqing
Fèngjié,China,269302,2010-11-01,chongqing
Fúlíng [ Fuling ],China,595224,2010-11-01,chongqing
Héchuān [ Hechuan ],China,721753,2010-11-01,chongqing
Jiāngjīn [ Jiangjin ],China,686189,2010-11-01,chongqing
Kāizhōu ( Kāixiàn ),China,416415,2010-11-01,chongqing
Liángpíng,China,235753,2010-11-01,chongqing
Nánchuān,China,255045,2010-11-01,chongqing
Péngshuĭ,China,137409,2010-11-01,chongqing
Qiánjiāng,China,173997,2010-11-01,chongqing
Qíjiāng,China,328573,2010-11-01,chongqing
Róngchāng,China,271232,2010-11-01,chongqing
Shízhù,China,134173,2010-11-01,chongqing
Tóngliáng,China,248962,2010-11-01,chongqing
Tóngnán,China,247084,2010-11-01,chongqing
Wànshèng,China,185362,2010-11-01,chongqing
Wànzhōu ( Wànxiàn ) [ Wanzhou ],China,859662,2010-11-01,chongqing
Wŭlóng,China,115823,2010-11-01,chongqing
Wūshān,China,148597,2010-11-01,chongqing
Wūxī,China,105111,2010-11-01,chongqing
Xiùshān,China,150566,2010-11-01,chongqing
Yŏngchuān,China,582769,2010-11-01,chongqing
Yŏuyáng,China,137635,2010-11-01,chongqing
Yúnyáng,China,293636,2010-11-01,chongqing
Zhōngxiàn,China,247406,2010-11-01,chongqing
Ānxī,China,336073,2011-11-01,fujian
Chángtīng,China,161833,2011-11-01,fujian
Dàtián,China,133659,2011-11-01,fujian
Déhuà,China,19312,2011-11-01,fujian
Dōngshān,China,102791,2011-11-01,fujian
Fú'ān,China,326019,2011-11-01,fujian
Fúdĭng,China,266779,2011-11-01,fujian
Fúqīng,China,470824,2011-11-01,fujian
Fúzhōu (incl Chánglè) [Fuzhou],China,3102421,2011-11-01,fujian
Gŭtián,China,110224,2011-11-01,fujian
Huá'an,China,59262,2011-11-01,fujian
Huì'ān,China,465638,2011-11-01,fujian
Jiānglè,China,70302,2011-11-01,fujian
Jiànōu,China,192557,2011-11-01,fujian
Jiànyáng,China,150756,2011-11-01,fujian
Jìnjiāng,China,1172827,2011-11-01,fujian
Liánchéng,China,82974,2011-11-01,fujian
Liánjiāng,China,197677,2011-11-01,fujian
Lóngyán,China,460086,2011-11-01,fujian
Luóyuán,China,76358,2011-11-01,fujian
Mĭnhòu,China,294677,2011-11-01,fujian
Mĭnqīng,China,72619,2011-11-01,fujian
Nán'ān,China,718516,2011-11-01,fujian
Nánjìng,China,135639,2011-11-01,fujian
Nánpíng,China,30137,2011-11-01,fujian
Níngdé,China,252497,2011-11-01,fujian
Nínghuà,China,82807,2011-11-01,fujian
Pínghé,China,162472,2011-11-01,fujian
Píngtán,China,113927,2011-11-01,fujian
Pŭchéng,China,129391,2011-11-01,fujian
Pútián [Putian],China,1107199,2011-11-01,fujian
Quánzhōu,China,1154731,2011-11-01,fujian
Sānmíng,China,328766,2011-11-01,fujian
Shàngháng,China,114849,2011-11-01,fujian
Shàowŭ,China,183457,2011-11-01,fujian
Shāxiàn,China,129762,2011-11-01,fujian
Shíshī,China,469969,2011-11-01,fujian
Shòuníng,China,72244,2011-11-01,fujian
Shùnchāng,China,87489,2011-11-01,fujian
Wŭpíng,China,8228,2011-11-01,fujian
Wŭyíshān (Chóng'ān),China,122801,2011-11-01,fujian
Xiàmén (Amoy) [Xiamen],China,3119110,2011-11-01,fujian
Xiānyóu,China,303816,2011-11-01,fujian
Xiápŭ,China,175159,2011-11-01,fujian
Yŏng'ān,China,213732,2011-11-01,fujian
Yŏngchūn,China,23863,2011-11-01,fujian
Yŏngdìng,China,136496,2011-11-01,fujian
Yŏngtài,China,79573,2011-11-01,fujian
Yóuxī,China,12961,2011-11-01,fujian
Yúnxiāo,China,166051,2011-11-01,fujian
Zhāngpíng (Jīngchéng),China,113739,2011-11-01,fujian
Zhāngpŭ,China,302634,2011-11-01,fujian
"Zhāngzhōu (incl Lónghăi, Chángtài)",China,1122360,2011-11-01,fujian
Zhào'ān,China,196355,2011-11-01,fujian
Zhènghé,China,67099,2011-11-01,fujian
Zhōuníng,China,49128,2011-11-01,fujian

Báiyín,China,246374,2010-11-01,gansu
Chéngxiàn,China,83624,2010-11-01,gansu
Dìngxī,China,158062,2010-11-01,gansu
Dūnhuáng,China,111535,2010-11-01,gansu
Gāngŭ,China,97961,2010-11-01,gansu
Guănghé,China,43313,2010-11-01,gansu
Gŭlàng,China,65937,2010-11-01,gansu
Hézuò,China,57384,2010-11-01,gansu
Huánxiàn,China,56493,2010-11-01,gansu
Huátíng,China,88454,2010-11-01,gansu
Huìníng,China,104419,2010-11-01,gansu
Huīxiàn,China,54610,2010-11-01,gansu
Jiāyùguān,China,216362,2010-11-01,gansu
Jīnchāng,China,195409,2010-11-01,gansu
Jīngchuān,China,68318,2010-11-01,gansu
Jìngníng,China,68506,2010-11-01,gansu
Jĭngtài,China,92355,2010-11-01,gansu
Jìngyuăn,China,113709,2010-11-01,gansu
Jiǔquán,China,255739,2010-11-01,gansu
Lánzhōu [ Lanzhou ],China,2438595,2010-11-01,gansu
Lánzhōu Xīnqū [ Lanzhou New Area ],China,167044,2020-11-01,gansu
Líntáo,China,121345,2010-11-01,gansu
Línxià,China,220895,2010-11-01,gansu
Lĭxiàn,China,51130,2010-11-01,gansu
Lŏngnán ( Wŭdū ),China,136468,2010-11-01,gansu
Lŏngxī,China,162315,2010-11-01,gansu
Mínlè,China,48691,2010-11-01,gansu
Mínqín,China,45805,2010-11-01,gansu
Mínxiàn,China,54199,2010-11-01,gansu
Níngxiàn,China,60294,2010-11-01,gansu
Píngchuān,China,115989,2010-11-01,gansu
Píngliáng,China,248421,2010-11-01,gansu
Qín'ān,China,93899,2010-11-01,gansu
Qìngchéng,China,67802,2010-11-01,gansu
Qīngshuĭ,China,40978,2010-11-01,gansu
Qìngyáng ( Xīfēng ),China,181780,2010-11-01,gansu
Shāndān,China,66168,2010-11-01,gansu
Tiānshuĭ [ Tianshui ],China,544441,2010-11-01,gansu
Tōngwèi,China,44955,2010-11-01,gansu
Wèiyuán,China,46358,2010-11-01,gansu
Wŭshān,China,87293,2010-11-01,gansu
Wŭwēi,China,331370,2010-11-01,gansu
Xīhé,China,46125,2010-11-01,gansu
Yŏngchāng,China,92762,2010-11-01,gansu
Yŏngdēng,China,138111,2010-11-01,gansu
Yŏngjìng,China,69698,2010-11-01,gansu
Yùmén,China,78940,2010-11-01,gansu
Yúzhōng,China,139630,2010-11-01,gansu
Zhāngjiāchuān,China,53665,2010-11-01,gansu
Zhāngyè,China,216760,2010-11-01,gansu
Zhèngníng,China,43605,2010-11-01,gansu
Zhènyuán,China,55273,2010-11-01,gansu
Zhuānglàng,China,55663,2010-11-01,gansu
Bóluó,China,471902,2010-11-01,guangdong
Cháozhōu ( incl. Cháo'ān ),China,1256268,2010-11-01,guangdong
Dàbŭ,China,161014,2010-11-01,guangdong
Déqìng,China,85086,2010-11-01,guangdong
Dōngguān,China,7271322,2010-11-01,guangdong
Dōngyuán,China,94751,2010-11-01,guangdong
Ēnpíng,China,244257,2010-11-01,guangdong
Fēngkāi,China,116798,2010-11-01,guangdong
Fēngshùn,China,207417,2010-11-01,guangdong
Fógāng,China,118429,2010-11-01,guangdong
"Fóshān ( incl. Gāomíng, Nánhǎi, Sānshuǐ, Shùndé )",China,6771895,2010-11-01,guangdong
Gāozhōu,China,352006,2010-11-01,guangdong
Guăngníng,China,156304,2010-11-01,guangdong
"Guăngzhōu ( incl. Cónghuà, Huādū, Pānyú, Zēngchéng ) [ Canton ]",China,10641408,2010-11-01,guangdong
Hăifēng,China,489304,2010-11-01,guangdong
Hépíng,China,103233,2010-11-01,guangdong
Hèshān,China,282580,2010-11-01,guangdong
Héyuán,China,450953,2010-11-01,guangdong
Huáijí,China,161544,2010-11-01,guangdong
Huàzhōu,China,320418,2010-11-01,guangdong
Huìdōng,China,473147,2010-11-01,guangdong
Huìlái,China,434958,2010-11-01,guangdong
Huìzhōu ( incl. Huìyáng ) [ Huizhou ],China,1807858,2010-11-01,guangdong
Jiāngmén ( incl. Xīnhuì ),China,1480023,2010-11-01,guangdong
Jiāolĭng,China,98287,2010-11-01,guangdong
Jiēxī,China,247236,2010-11-01,guangdong
Jiēyáng ( incl. Jiēdōng ),China,1226848,2010-11-01,guangdong
Kāipíng,China,371019,2010-11-01,guangdong
Lèchāng,China,191457,2010-11-01,guangdong
Léizhōu,China,344043,2010-11-01,guangdong
Liánjiāng,China,359225,2010-11-01,guangdong
Liánpíng,China,110851,2010-11-01,guangdong
Liánzhōu ( Liánxiàn ),China,161667,2010-11-01,guangdong
Lóngchuān,China,190368,2010-11-01,guangdong
Lóngmén,China,90831,2010-11-01,guangdong
Lùfēng,China,579527,2010-11-01,guangdong
Lùhé,China,150902,2010-11-01,guangdong
Luódìng,China,263338,2010-11-01,guangdong
Màomíng ( incl. Diànbái ) [ Maoming ],China,1033196,2010-11-01,guangdong
Méizhōu ( incl. Méixiàn ),China,612551,2010-11-01,guangdong
Nánxióng,China,140017,2010-11-01,guangdong
Píngyuăn,China,106250,2010-11-01,guangdong
Pŭníng,China,874954,2010-11-01,guangdong
Qīngyuăn ( incl. Qīngxīn ) [ Qingyuan ],China,916453,2010-11-01,guangdong
Ráopíng,China,418709,2010-11-01,guangdong
Rénhuà,China,73858,2010-11-01,guangdong
Rŭyuán,China,73580,2010-11-01,guangdong
"Shàntóu ( incl. Cháoyáng, Chénghǎi ) [ Shantou ]",China,3644017,2010-11-01,guangdong
Shànwĕi,China,370608,2010-11-01,guangdong
Sháoguān ( incl. Qūjiāng ) [ Shaoguan ],China,726267,2010-11-01,guangdong
Shēnzhèn ( incl. Bǎo'ān ),China,10358381,2010-11-01,guangdong
Shĭxīng,China,76313,2010-11-01,guangdong
Sìhuì,China,355709,2010-11-01,guangdong
Suìxī,China,252792,2010-11-01,guangdong
Táishān,China,394855,2010-11-01,guangdong
Wēngyuán,China,103372,2010-11-01,guangdong
Wúchuān,China,332672,2010-11-01,guangdong
Wŭhuá,China,245631,2010-11-01,guangdong
Xīnfēng,China,99897,2010-11-01,guangdong
Xīngníng,China,392000,2010-11-01,guangdong
Xīnxīng,China,160209,2010-11-01,guangdong
Xìnyí,China,333965,2010-11-01,guangdong
Xúwén,China,238246,2010-11-01,guangdong
Yángchūn,China,287391,2010-11-01,guangdong
Yángjiāng ( incl. Yángdōng ),China,692540,2010-11-01,guangdong
Yángshān,China,125246,2010-11-01,guangdong
Yángxī,China,153771,2010-11-01,guangdong
Yīngdé,China,346927,2010-11-01,guangdong
Yùnán,China,152342,2010-11-01,guangdong
Yúnfú ( incl. Yún'ān ),China,298914,2010-11-01,guangdong
Zhànjiāng [ Zhanjiang ],China,1038762,2010-11-01,guangdong
Zhàoqìng ( incl. Gāoyào ) [ Zhaoqing ],China,784642,2010-11-01,guangdong
Zhōngshān,China,2740994,2010-11-01,guangdong
Zhūhăi ( incl. Dòumén ) [ Zhuhai ],China,1369538,2010-11-01,guangdong
Zĭjīn,China,231072,2010-11-01,guangdong
Băisè ( Bósè ),China,185497,2010-11-01,guangxi
Bāmă,China,37267,2010-11-01,guangxi
Bĕihăi [ Beihai ],China,431285,2010-11-01,guangxi
Bĕiliú,China,652853,2010-11-01,guangxi
Bīnyáng,China,265157,2010-11-01,guangxi
Bóbái,China,367495,2010-11-01,guangxi
Cāngwú,China,99581,2010-11-01,guangxi
Cénxī ( Cénchéng ),China,337052,2010-11-01,guangxi
Chóngzuǒ,China,113539,2010-11-01,guangxi
Dàhuà,China,71802,2010-11-01,guangxi
Dàxīn,China,58829,2010-11-01,guangxi
Débăo,China,53451,2010-11-01,guangxi
Dōngxīng,China,92267,2010-11-01,guangxi
Dū'ān,China,83348,2010-11-01,guangxi
Fángchénggăng,China,278955,2010-11-01,guangxi
Fùchuān,China,72087,2010-11-01,guangxi
Fúsuí,China,127371,2010-11-01,guangxi
Gōngchéng,China,49063,2010-11-01,guangxi
Guànyáng,China,48898,2010-11-01,guangxi
Guìgăng,China,658887,2010-11-01,guangxi
Guìlín ( incl. Línguì ) [ Guilin ],China,963629,2010-11-01,guangxi
Guìpíng,China,508212,2010-11-01,guangxi
Héchí,China,197858,2010-11-01,guangxi
Héngxiàn,China,232183,2010-11-01,guangxi
Hépŭ,China,264530,2010-11-01,guangxi
Héshān,China,66118,2010-11-01,guangxi
Hèzhōu,China,379889,2010-11-01,guangxi
Huánjiāng,China,67292,2010-11-01,guangxi
Jìngxī,China,92786,2010-11-01,guangxi
Láibīn,China,315875,2010-11-01,guangxi
Língchuān,China,123534,2010-11-01,guangxi
Língshān,China,248437,2010-11-01,guangxi
Língyún,China,30042,2010-11-01,guangxi
Lìpŭ,China,134908,2010-11-01,guangxi
Liŭchéng,China,121395,2010-11-01,guangxi
Liŭzhōu ( incl. Liǔjiāng ) [ Liuzhou ],China,1624571,2010-11-01,guangxi
Lóng'ān,China,70103,2010-11-01,guangxi
Lónglín,China,45598,2010-11-01,guangxi
Lóngzhōu,China,67203,2010-11-01,guangxi
Lùchuān,China,252296,2010-11-01,guangxi
Luóchéng,China,70238,2010-11-01,guangxi
Lùzhài,China,177290,2010-11-01,guangxi
Măshān,China,76096,2010-11-01,guangxi
Nándān,China,98233,2010-11-01,guangxi
Nánníng ( incl. Yōngníng ) [ Nanning ],China,2660833,2010-11-01,guangxi
Níngmíng,China,68391,2010-11-01,guangxi
Píngguŏ,China,164135,2010-11-01,guangxi
Pínglè,China,92870,2010-11-01,guangxi
Píngnán,China,488830,2010-11-01,guangxi
Píngxiáng,China,65044,2010-11-01,guangxi
Pŭbĕi,China,165945,2010-11-01,guangxi
Qīnzhōu,China,489139,2010-11-01,guangxi
Quánzhōu,China,143042,2010-11-01,guangxi
Róng'ān,China,95898,2010-11-01,guangxi
Róngshuĭ,China,103627,2010-11-01,guangxi
Róngxiàn,China,185002,2010-11-01,guangxi
Sānjiāng,China,44101,2010-11-01,guangxi
Shànglín,China,87912,2010-11-01,guangxi
Téngxiàn,China,202425,2010-11-01,guangxi
Tiāndĕng,China,54201,2010-11-01,guangxi
Tiándōng,China,94689,2010-11-01,guangxi
Tiányáng,China,96233,2010-11-01,guangxi
Wŭmíng,China,186049,2010-11-01,guangxi
Wŭxuān,China,112768,2010-11-01,guangxi
Wúzhōu,China,551462,2010-11-01,guangxi
Xiàngzhōu,China,91020,2010-11-01,guangxi
Xīnchéng,China,74501,2010-11-01,guangxi
Xīng'ān,China,97693,2010-11-01,guangxi
Xīngyè,China,167348,2010-11-01,guangxi
Yángshuò,China,72807,2010-11-01,guangxi
Yízhōu ( Yíshān ),China,155365,2010-11-01,guangxi
Yŏngfú,China,53174,2010-11-01,guangxi
Yùlín [ Yulin ],China,547924,2010-11-01,guangxi
Zhāopíng,China,124323,2010-11-01,guangxi
Zhōngshān,China,113246,2010-11-01,guangxi
Ānlóng,China,93593,2010-11-01,guizhou
Ānshùn,China,358920,2010-11-01,guizhou
Bìjié,China,421342,2010-11-01,guizhou
Cèhēng,China,33400,2010-11-01,guizhou
Céngŏng,China,32509,2010-11-01,guizhou
Chángshùn,China,42719,2010-11-01,guizhou
Chìshuĭ,China,80884,2010-11-01,guizhou
Cóngjiāng,China,39935,2010-11-01,guizhou
Dàfāng,China,187914,2010-11-01,guizhou
Dàozhēn,China,62295,2010-11-01,guizhou
Déjiāng,China,80437,2010-11-01,guizhou
Dúshān,China,66415,2010-11-01,guizhou
Dūyún,China,217091,2010-11-01,guizhou
Fènggāng,China,82080,2010-11-01,guizhou
Fúquán,China,125389,2010-11-01,guizhou
Guānlĭng,China,55455,2010-11-01,guizhou
Guìdìng,China,74899,2010-11-01,guizhou
Guìyáng [ Guiyang ],China,2520061,2010-11-01,guizhou
Hèzhāng,China,109155,2010-11-01,guizhou
Huángpíng,China,49900,2010-11-01,guizhou
Huìshuĭ,China,71721,2010-11-01,guizhou
Jiāngkŏu,China,40624,2010-11-01,guizhou
Jiànhé,China,35546,2010-11-01,guizhou
Jīnshā,China,168400,2010-11-01,guizhou
Kăilĭ,China,274922,2010-11-01,guizhou
Kāiyáng,China,112365,2010-11-01,guizhou
Lípíng,China,73084,2010-11-01,guizhou
Liùpánshuĭ [ Liupanshui ],China,491438,2010-11-01,guizhou
Liùzhī,China,130050,2010-11-01,guizhou
Lónglĭ,China,48914,2010-11-01,guizhou
Luódiàn,China,42318,2010-11-01,guizhou
Méitán,China,104997,2010-11-01,guizhou
Nàyōng,China,167248,2010-11-01,guizhou
Pánzhōu ( Pánxiàn ),China,176237,2010-11-01,guizhou
Píngbà,China,95601,2010-11-01,guizhou
Píngtáng,China,48536,2010-11-01,guizhou
Pŭ'ān,China,51617,2010-11-01,guizhou
Pŭdìng,China,71086,2010-11-01,guizhou
Qiánxī,China,214803,2010-11-01,guizhou
Qínglóng,China,48956,2010-11-01,guizhou
Qīngzhèn,China,166916,2010-11-01,guizhou
Rénhuái,China,171005,2010-11-01,guizhou
Róngjiāng,China,46610,2010-11-01,guizhou
Sāndū,China,36209,2010-11-01,guizhou
Sānsuì,China,43501,2010-11-01,guizhou
Shíqiān,China,73359,2010-11-01,guizhou
Shuĭchéng,China,18878,2010-11-01,guizhou
Sīnán,China,115462,2010-11-01,guizhou
Sōngtáo,China,84901,2010-11-01,guizhou
Suíyáng,China,104199,2010-11-01,guizhou
Tiānzhù,China,61161,2010-11-01,guizhou
Tóngrén [ incl. Wànshān Qū ],China,218542,2010-11-01,guizhou
Tóngzĭ,China,147718,2010-11-01,guizhou
Wàngmó,China,44579,2010-11-01,guizhou
Wēiníng,China,239160,2010-11-01,guizhou
Wèng'ān,China,123264,2010-11-01,guizhou
Wùchuān,China,85411,2010-11-01,guizhou
Xīfēng,China,60130,2010-11-01,guizhou
Xīngrén,China,113043,2010-11-01,guizhou
Xīngyì,China,335243,2010-11-01,guizhou
Xíshuĭ,China,134646,2010-11-01,guizhou
Xiūwén,China,72813,2010-11-01,guizhou
Yánhé,China,77468,2010-11-01,guizhou
Yìnjiāng,China,66334,2010-11-01,guizhou
Yùpíng,China,46863,2010-11-01,guizhou
Yúqìng,China,77274,2010-11-01,guizhou
Zhēnfēng,China,68402,2010-11-01,guizhou
Zhèng'ān,China,99795,2010-11-01,guizhou
Zhènníng,China,69662,2010-11-01,guizhou
Zhènyuăn,China,69439,2010-11-01,guizhou
Zhījīn,China,202443,2010-11-01,guizhou
Zĭyún,China,39941,2010-11-01,guizhou
Zūnyì ( incl. Bōzhōu ) [ Zunyi ],China,995311,2010-11-01,guizhou
Băotíng,China,46000,2010-11-01,hainan
Chāngjiāng,China,106960,2010-11-01,hainan
Chéngmài,China,184266,2010-11-01,hainan
Dānzhōu ( Danxian ),China,370000,2010-11-01,hainan
Dìng'ān,China,104960,2010-11-01,hainan
Dōngfāng,China,153726,2010-11-01,hainan
Hăikŏu ( incl. Qiongshan ) [ Haikou ],China,1517410,2010-11-01,hainan
Lèdōng,China,132625,2010-11-01,hainan
Língāo,China,155595,2010-11-01,hainan
Língshuĭ,China,118176,2010-11-01,hainan
Qiónghăi,China,194400,2010-11-01,hainan
Qióngzhōng,China,51767,2010-11-01,hainan
Sānyà ( Yaxian ),China,453819,2010-11-01,hainan
Túnchāng,China,100684,2010-11-01,hainan
Wànníng,China,221263,2010-11-01,hainan
Wénchāng,China,251795,2010-11-01,hainan
Wŭzhĭshān ( Tongshi ),China,53268,2010-11-01,hainan
Yángpŭ,China,50000,2010-11-01,hainan
Ānguó,China,135524,2010-11-01,hebei
Ānpíng,China,114678,2010-11-01,hebei
Ānxīn,China,167433,2010-11-01,hebei
Bǎixiāng,China,53467,2010-11-01,hebei
"Băodìng ( incl. Qīngyuàn, Mănchéng ) [ Baoding ]",China,1397350,2010-11-01,hebei
Bàzhōu ( Bàxiàn ),China,291710,2010-11-01,hebei
Bótóu,China,258203,2010-11-01,hebei
Bóyĕ,China,74534,2010-11-01,hebei
Cāngxiàn,China,107692,2010-11-01,hebei
Cāngzhōu,China,499411,2010-11-01,hebei
Cáofēidiàn ( Tánghǎi ),China,109126,2010-11-01,hebei
Chānglí,China,150886,2010-11-01,hebei
Chéng'ān,China,138137,2010-11-01,hebei
Chéngdé,China,101121,2010-11-01,hebei
Chéngdé,China,484027,2010-11-01,hebei
Chìchéng,China,62616,2010-11-01,hebei
Cíxiàn,China,200501,2010-11-01,hebei
Dàchăng,China,50722,2010-11-01,hebei
Dàchéng,China,171399,2010-11-01,hebei
Dàmíng,China,219453,2010-11-01,hebei
Dìngxīng,China,121080,2010-11-01,hebei
Dìngzhōu,China,482121,2010-11-01,hebei
Dōngguāng,China,147857,2010-11-01,hebei
Féixiāng,China,82244,2010-11-01,hebei
Fēngfēng,China,397379,2010-11-01,hebei
Fēngníng,China,99355,2010-11-01,hebei
Fùchéng,China,93672,2010-11-01,hebei
Fùpíng,China,40330,2010-11-01,hebei
Gāobēidiàn ( Xīnchéng ),China,274853,2010-11-01,hebei
Gāoyáng,China,100486,2010-11-01,hebei
Gāoyì,China,47020,2010-11-01,hebei
Gù'ān,China,171558,2010-11-01,hebei
Guăngpíng,China,74967,2010-11-01,hebei
Guăngzōng,China,59009,2010-11-01,hebei
Guăntáo,China,114624,2010-11-01,hebei
Gùchéng,China,158697,2010-11-01,hebei
Gūyuán,China,38575,2010-11-01,hebei
Hăixīng,China,61234,2010-11-01,hebei
Hándān ( incl. Yŏngnián ) [ Handan ],China,1540827,2010-11-01,hebei
Héjiān,China,243458,2010-11-01,hebei
Héngshuĭ ( incl. Jìzhōu ),China,554810,2010-11-01,hebei
Huái'ān,China,75489,2010-11-01,hebei
Huáilái,China,136843,2010-11-01,hebei
Huánghuá,China,296978,2010-11-01,hebei
Jĭngxiàn,China,182813,2010-11-01,hebei
Jĭngxíng,China,91804,2010-11-01,hebei
Jìnzhōu ( Jìnxiàn ),China,160284,2010-11-01,hebei
Jīzé,China,76598,2010-11-01,hebei
Jùlù,China,127344,2010-11-01,hebei
Kuānchéng,China,86762,2010-11-01,hebei
Láishuĭ,China,99998,2010-11-01,hebei
Láiyuán,China,77610,2010-11-01,hebei
Lángfāng,China,530840,2010-11-01,hebei
Làotíng,China,154632,2010-11-01,hebei
Línchéng,China,63400,2010-11-01,hebei
Língshòu,China,89340,2010-11-01,hebei
Línxī,China,119056,2010-11-01,hebei
Línzhāng,China,194110,2010-11-01,hebei
Lĭxiàn,China,164230,2010-11-01,hebei
Lónghuà,China,96253,2010-11-01,hebei
Lóngyáo,China,172669,2010-11-01,hebei
Luánnán,China,198167,2010-11-01,hebei
Luánpíng,China,79856,2010-11-01,hebei
Luánzhōu,China,208212,2010-11-01,hebei
Lúlóng,China,65371,2010-11-01,hebei
Mèngcūn,China,85885,2010-11-01,hebei
Nángōng,China,188260,2010-11-01,hebei
Nánpí,China,94508,2010-11-01,hebei
Nèiqiū,China,84416,2010-11-01,hebei
Níngjìn,China,258301,2010-11-01,hebei
Píngquán,China,136401,2010-11-01,hebei
Píngshān,China,131550,2010-11-01,hebei
Píngxiāng,China,93711,2010-11-01,hebei
Qiān'ān,China,308849,2010-11-01,hebei
Qiānxī,China,160113,2010-11-01,hebei
Qīnghé,China,168740,2010-11-01,hebei
Qīnglóng,China,114643,2010-11-01,hebei
Qīngxiàn,China,176612,2010-11-01,hebei
Qínhuángdăo ( incl. Fŭníng ) [ Qinhuangdao ],China,1088587,2010-11-01,hebei
Qiūxiàn,China,82214,2010-11-01,hebei
Qŭyáng,China,124237,2010-11-01,hebei
Qŭzhōu,China,113309,2010-11-01,hebei
Ráoyáng,China,82407,2010-11-01,hebei
Rènqiū,China,430896,2010-11-01,hebei
Róngchéng,China,99048,2010-11-01,hebei
Sānhé,China,386902,2010-11-01,hebei
Shāhé,China,218958,2010-11-01,hebei
Shēnzé,China,72203,2010-11-01,hebei
Shēnzhōu ( Shēnxiàn ),China,207945,2010-11-01,hebei
Shèxiàn,China,176855,2010-11-01,hebei
"Shíjiāzhuāng ( incl. Luánchéng, Lùquán, Găochéng ) [ Shijiazhuang ]",China,3317275,2010-11-01,hebei
Shùnpíng,China,64145,2010-11-01,hebei
Sùníng,China,126167,2010-11-01,hebei
"Tángshān ( incl. Fēngnán, Fēngrùn ) [ Tangshan ]",China,2128191,2010-11-01,hebei
Tángxiàn,China,123192,2010-11-01,hebei
Wàngdū,China,74483,2010-11-01,hebei
Wéichăng,China,107203,2010-11-01,hebei
Wēixiàn ( in: Xíngtái Shì ),China,122503,2010-11-01,hebei
Wèixiàn ( in: Hándān Shì ),China,303449,2010-11-01,hebei
Wén'ān,China,217167,2010-11-01,hebei
Wŭ'ān,China,293151,2010-11-01,hebei
Wújí,China,122816,2010-11-01,hebei
Wúqiáo,China,88175,2010-11-01,hebei
Wŭyì,China,80270,2010-11-01,hebei
Xiānghé,China,177960,2010-11-01,hebei
Xiànxiàn,China,141328,2010-11-01,hebei
Xīnglóng,China,95762,2010-11-01,hebei
"Xíngtái ( incl. Nèiqiū, Rènxiàn ) [ Xingtai ]",China,1060749,2010-11-01,hebei
Xíngtáng,China,82946,2010-11-01,hebei
Xīnjí,China,236658,2010-11-01,hebei
Xīnlè,China,194480,2010-11-01,hebei
Xióngxiàn,China,139180,2010-11-01,hebei
Xúshuĭ,China,193770,2010-11-01,hebei
Yángyuán,China,82997,2010-11-01,hebei
Yánshān,China,154138,2010-11-01,hebei
Yìxiàn,China,126242,2010-11-01,hebei
Yŏngqīng,China,116883,2010-11-01,hebei
Yuánshì,China,100639,2010-11-01,hebei
Yùtián,China,283926,2010-11-01,hebei
Yùxiàn,China,146274,2010-11-01,hebei
Zànhuáng,China,50242,2010-11-01,hebei
Zăoqiáng,China,131183,2010-11-01,hebei
Zhāngbĕi,China,103186,2010-11-01,hebei
"Zhāngjiākŏu ( incl. Wànquán, Xuānhuà ) [ Zhangjiakou ]",China,1180667,2010-11-01,hebei
Zhàoxiàn,China,175520,2010-11-01,hebei
Zhèngdìng,China,208276,2010-11-01,hebei
Zhuōlù,China,93219,2010-11-01,hebei
Zhuōzhōu,China,260493,2010-11-01,hebei
Zūnhuà,China,299759,2010-11-01,hebei
Āchéng,China,336741,2010-11-01,heilongjiang
Āndá,China,223486,2010-11-01,heilongjiang
Bàiquán,China,100826,2010-11-01,heilongjiang
Băoqīng,China,149147,2010-11-01,heilongjiang
Bāyàn,China,143909,2010-11-01,heilongjiang
Bĕi'ān,China,248471,2010-11-01,heilongjiang
Bīnxiàn,China,146031,2010-11-01,heilongjiang
Bólì,China,119659,2010-11-01,heilongjiang
Dàqìng [ Daqing ],China,1433698,2010-11-01,heilongjiang
Dōngníng,China,112425,2010-11-01,heilongjiang
Dù'ĕrbótè ( Dorbod ),China,85657,2010-11-01,heilongjiang
Fāngzhèng,China,92102,2010-11-01,heilongjiang
Fēnglín,China,98355,2010-11-01,heilongjiang
Fùjĭn,China,215237,2010-11-01,heilongjiang
Fùlā'ĕrjī ( Hulan Ergi ),China,220172,2010-11-01,heilongjiang
Fùyù,China,108929,2010-11-01,heilongjiang
Fŭyuăn,China,74435,2010-11-01,heilongjiang
Gānnán,China,102716,2010-11-01,heilongjiang
Hā'ĕrbīn ( incl. Hūlán ) [ Harbin ],China,4596313,2010-11-01,heilongjiang
Hăilín,China,216633,2010-11-01,heilongjiang
Hăilún,China,188461,2010-11-01,heilongjiang
Hègăng,China,600941,2010-11-01,heilongjiang
Hēihé,China,147042,2010-11-01,heilongjiang
Huàchuān,China,85706,2010-11-01,heilongjiang
Huànán,China,134270,2010-11-01,heilongjiang
Hŭlín,China,193028,2010-11-01,heilongjiang
Jiāgédáqí ( Jagdaqi ),China,142465,2010-11-01,heilongjiang
Jiāmùsī,China,631357,2010-11-01,heilongjiang
Jīdōng,China,106611,2010-11-01,heilongjiang
Jīxī [ Jixi ],China,746889,2010-11-01,heilongjiang
Jíxián,China,114428,2010-11-01,heilongjiang
Kèdōng,China,78507,2010-11-01,heilongjiang
Kèshān,China,89510,2010-11-01,heilongjiang
Lánxī,China,97960,2010-11-01,heilongjiang
Líndiàn,China,73558,2010-11-01,heilongjiang
Línkŏu,China,120953,2010-11-01,heilongjiang
Lóngjiāng,China,133204,2010-11-01,heilongjiang
Luóbĕi,China,137050,2010-11-01,heilongjiang
Míngshuĭ,China,91015,2010-11-01,heilongjiang
Mìshān,China,176612,2010-11-01,heilongjiang
Mòhé,China,71307,2010-11-01,heilongjiang
Mŭdānjiāng [ Mudanjiang ],China,790623,2010-11-01,heilongjiang
Mùlán,China,74977,2010-11-01,heilongjiang
Mùléng,China,112882,2010-11-01,heilongjiang
Nánchà,China,105302,2010-11-01,heilongjiang
Nèhé,China,233724,2010-11-01,heilongjiang
Nènjiāng,China,251492,2010-11-01,heilongjiang
Níng'ān,China,128469,2010-11-01,heilongjiang
Qìng'ān,China,115205,2010-11-01,heilongjiang
Qīnggāng,China,127431,2010-11-01,heilongjiang
Qíqíhā'ĕr [ Qiqihar ],China,1033174,2010-11-01,heilongjiang
Qītáihé,China,503678,2010-11-01,heilongjiang
Ráohé,China,80214,2010-11-01,heilongjiang
Shàngzhì,China,269699,2010-11-01,heilongjiang
Shuāngchéng,China,244898,2010-11-01,heilongjiang
Shuāngyāshān,China,481110,2010-11-01,heilongjiang
Suíbīn,China,72882,2010-11-01,heilongjiang
Suífēnhé,China,128363,2010-11-01,heilongjiang
Suíhuà,China,364225,2010-11-01,heilongjiang
Suílíng,China,121801,2010-11-01,heilongjiang
Tăhé,China,81480,2010-11-01,heilongjiang
Tàilái,China,95257,2010-11-01,heilongjiang
Tāngyuán,China,114663,2010-11-01,heilongjiang
Tiĕlì,China,235148,2010-11-01,heilongjiang
Tōnghé,China,102009,2010-11-01,heilongjiang
Tóngjiāng,China,99829,2010-11-01,heilongjiang
Wàngkuí,China,111616,2010-11-01,heilongjiang
Wŭcháng,China,259836,2010-11-01,heilongjiang
Wŭdàliánchí ( Dédōu ),China,148465,2010-11-01,heilongjiang
Xīnlín,China,50859,2010-11-01,heilongjiang
Yánshòu,China,89667,2010-11-01,heilongjiang
Yī'ān,China,108962,2010-11-01,heilongjiang
Yīchūn,China,412791,2010-11-01,heilongjiang
Yīlán,China,145666,2010-11-01,heilongjiang
Yŏuyì,China,65916,2010-11-01,heilongjiang
Zhàodōng,China,358606,2010-11-01,heilongjiang
Zhàoyuán,China,137173,2010-11-01,heilongjiang
Zhàozhōu,China,116806,2010-11-01,heilongjiang
Ānyáng,China,293878,2010-11-01,henan
Ānyáng [ Anyang ],China,908129,2010-11-01,henan
Băofēng,China,149876,2010-11-01,henan
Bìyáng,China,224429,2010-11-01,henan
Bó'ài,China,169937,2010-11-01,henan
Chánggĕ,China,281578,2010-11-01,henan
Chángyuán,China,259565,2010-11-01,henan
Dānchéng,China,267136,2010-11-01,henan
Dēngfēng,China,293028,2010-11-01,henan
Dèngzhōu,China,415082,2010-11-01,henan
Fāngchéng,China,230181,2010-11-01,henan
Fànxiàn,China,96459,2010-11-01,henan
Fēngqiū,China,180852,2010-11-01,henan
Fúgōu,China,169513,2010-11-01,henan
Gŏngyì ( Gǒngxiàn ),China,366265,2010-11-01,henan
Guāngshān,China,162287,2010-11-01,henan
Gùshĭ,China,291031,2010-11-01,henan
Hèbì,China,477659,2010-11-01,henan
Huáibīn,China,158433,2010-11-01,henan
Huáiyáng,China,293757,2010-11-01,henan
Huángchuān,China,244949,2010-11-01,henan
Huáxiàn,China,190777,2010-11-01,henan
Huīxiàn,China,261767,2010-11-01,henan
Huòjiā,China,140064,2010-11-01,henan
Jiāozuò [ Jiaozuo ],China,702527,2010-11-01,henan
Jiáxiàn,China,171992,2010-11-01,henan
Jìyuán,China,334697,2010-11-01,henan
Kāifēng ( incl. Xiángfú ) [ Kaifeng ],China,894142,2010-11-01,henan
Lánkăo,China,169931,2010-11-01,henan
Língbăo,China,231101,2010-11-01,henan
Línyĭng,China,245200,2010-11-01,henan
Línzhōu ( Línxiàn ),China,321755,2010-11-01,henan
Luánchuān,China,126891,2010-11-01,henan
Luòhé [ Luohe ],China,575956,2010-11-01,henan
Luòníng,China,83988,2010-11-01,henan
Luóshān,China,150439,2010-11-01,henan
Luòyáng [ Luoyang ],China,1539100,2010-11-01,henan
Lŭshān,China,196522,2010-11-01,henan
Lúshì,China,89022,2010-11-01,henan
Lùyì,China,261887,2010-11-01,henan
Mèngjīn,China,142975,2010-11-01,henan
Mèngzhōu ( Mèngxiàn ),China,138393,2010-11-01,henan
Miănchí,China,122568,2010-11-01,henan
Mínquán,China,168694,2010-11-01,henan
Nánlè,China,94610,2010-11-01,henan
Nányáng [ Nanyang ],China,899899,2010-11-01,henan
Nánzhào,China,154794,2010-11-01,henan
Nèihuáng,China,120152,2010-11-01,henan
Nèixiāng,China,161987,2010-11-01,henan
Nínglíng,China,117205,2010-11-01,henan
Píngdĭngshān [ Pingdingshan ],China,813020,2010-11-01,henan
Píngyú,China,207874,2010-11-01,henan
Púyáng [ Puyang ],China,465980,2010-11-01,henan
Púyáng,China,298828,2010-11-01,henan
Qīngfēng,China,104292,2010-11-01,henan
Qìnyáng,China,223647,2010-11-01,henan
Qĭxiàn,China,236715,2010-11-01,henan
Qíxiàn,China,115614,2010-11-01,henan
Quèshān,China,121195,2010-11-01,henan
Rŭnán,China,199173,2010-11-01,henan
Rŭyáng,China,92999,2010-11-01,henan
Rŭzhōu,China,296913,2010-11-01,henan
Sānménxiá ( incl. Shǎnzhōu ),China,403541,2010-11-01,henan
Shàngcài,China,280040,2010-11-01,henan
Shāngchéng,China,135173,2010-11-01,henan
Shàngjiē,China,117243,2010-11-01,henan
Shāngqiū [ Shangqiu ],China,618549,2010-11-01,henan
Shāngshuĭ,China,227378,2010-11-01,henan
Shĕnqiū,China,261029,2010-11-01,henan
Shèqí,China,175412,2010-11-01,henan
Sōngxiàn,China,102135,2010-11-01,henan
Suìpíng,China,146192,2010-11-01,henan
Suīxiàn,China,181494,2010-11-01,henan
Tàikāng,China,280366,2010-11-01,henan
Táiqián,China,66914,2010-11-01,henan
Tánghé,China,371000,2010-11-01,henan
Tāngyīn,China,150975,2010-11-01,henan
Tóngbǎi,China,132051,2010-11-01,henan
Tōngxŭ,China,140344,2010-11-01,henan
Wèihuī,China,167454,2010-11-01,henan
Wèishì,China,217349,2010-11-01,henan
Wēnxiàn,China,150604,2010-11-01,henan
Wŭgāng,China,147521,2010-11-01,henan
Wŭyáng,China,173430,2010-11-01,henan
Wŭzhì,China,172433,2010-11-01,henan
Xiàngchéng,China,355449,2010-11-01,henan
Xiāngchéng,China,179267,2010-11-01,henan
Xiàyì,China,241516,2010-11-01,henan
Xīchuān,China,205991,2010-11-01,henan
Xīhuá,China,212680,2010-11-01,henan
Xīn'ān,China,160908,2010-11-01,henan
Xīncài,China,185004,2010-11-01,henan
Xíngyáng,China,269655,2010-11-01,henan
Xīnmì ( Mìxiàn ),China,359148,2010-11-01,henan
Xīnxiàn,China,99355,2010-11-01,henan
Xīnxiāng,China,147532,2010-11-01,henan
Xīnxiāng [ Xinxiang ],China,918078,2010-11-01,henan
Xìnyáng [ Xinyang ],China,625302,2010-11-01,henan
Xīnyĕ,China,179229,2010-11-01,henan
Xīnzhèng,China,337356,2010-11-01,henan
Xīpíng,China,180994,2010-11-01,henan
Xiūwŭ,China,100047,2010-11-01,henan
Xīxiá,China,162555,2010-11-01,henan
Xīxiàn,China,220796,2010-11-01,henan
Xŭchāng [ Xuchang ],China,674509,2010-11-01,henan
Xùnxiàn,China,151012,2010-11-01,henan
Yánjīn,China,122055,2010-11-01,henan
Yānlíng,China,148475,2010-11-01,henan
Yănshī,China,300743,2010-11-01,henan
Yèxiàn,China,204466,2010-11-01,henan
Yīchuān,China,160595,2010-11-01,henan
Yìmă,China,136461,2010-11-01,henan
Yíyáng,China,132658,2010-11-01,henan
Yŏngchéng,China,414312,2010-11-01,henan
Yuányáng,China,131481,2010-11-01,henan
Yúchéng,China,241261,2010-11-01,henan
Yŭzhōu,China,372815,2010-11-01,henan
Zhèchéng,China,188526,2010-11-01,henan
Zhèngyáng,China,137990,2010-11-01,henan
Zhèngzhōu [ Zhengzhou ],China,3559789,2010-11-01,henan
Zhènpíng,China,245418,2010-11-01,henan
Zhōngmóu,China,175011,2010-11-01,henan
Zhōukŏu,China,308360,2010-11-01,henan
Zhùmădiàn [ Zhumadian ],China,447559,2010-11-01,henan
Ānlù,China,237409,2010-11-01,hubei
Bādōng,China,109476,2010-11-01,hubei
Băokāng,China,84639,2010-11-01,hubei
Chángyáng,China,94009,2010-11-01,hubei
Chìbì ( Púqí ),China,202542,2010-11-01,hubei
Chóngyáng,China,152607,2010-11-01,hubei
Dāngyáng,China,183823,2010-11-01,hubei
Dānjiāngkŏu,China,190021,2010-11-01,hubei
Dàwù,China,222404,2010-11-01,hubei
Dàyĕ,China,449998,2010-11-01,hubei
Ēnshī,China,320107,2010-11-01,hubei
Èzhōu [ Ezhou ],China,607739,2010-11-01,hubei
Fángxiàn,China,119220,2010-11-01,hubei
Gōng'ān,China,292930,2010-11-01,hubei
Guăngshuĭ,China,272402,2010-11-01,hubei
Gŭchéng,China,197670,2010-11-01,hubei
Hànchuān,China,468868,2010-11-01,hubei
Hèfēng,China,52157,2010-11-01,hubei
Hóng'ān,China,187134,2010-11-01,hubei
Hónghú,China,278685,2010-11-01,hubei
Huánggāng,China,267860,2010-11-01,hubei
Huángméi,China,283627,2010-11-01,hubei
Huángshí,China,691963,2010-11-01,hubei
Jiānglíng,China,99429,2010-11-01,hubei
Jiānlì,China,356136,2010-11-01,hubei
Jiànshĭ,China,103973,2010-11-01,hubei
Jiāyú,China,119470,2010-11-01,hubei
Jīngmén,China,426119,2010-11-01,hubei
Jīngshān,China,266341,2010-11-01,hubei
"Jīngzhōu ( incl. Shāshì, Jiānglíng ) [ Jingzhou ]",China,904157,2010-11-01,hubei
Láifèng,China,55483,2010-11-01,hubei
Lăohékŏu,China,212645,2010-11-01,hubei
Lìchuān,China,195749,2010-11-01,hubei
Luótián,China,169380,2010-11-01,hubei
Máchéng,China,302671,2010-11-01,hubei
Nánzhāng,China,180047,2010-11-01,hubei
Qiánjiāng,China,437757,2010-11-01,hubei
Qíchūn,China,233844,2010-11-01,hubei
Shāyáng,China,175994,2010-11-01,hubei
Shíshŏu,China,213851,2010-11-01,hubei
Shíyàn [ Shiyan ],China,724016,2010-11-01,hubei
Sōngzī,China,271514,2010-11-01,hubei
Suíxiàn,China,161741,2010-11-01,hubei
Suízhōu,China,393173,2010-11-01,hubei
Tiānmén,China,612515,2010-11-01,hubei
Tōngchéng,China,124125,2010-11-01,hubei
Tōngshān,China,112003,2010-11-01,hubei
Tuánfēng,China,88213,2010-11-01,hubei
"Wŭhàn ( incl. Hànyáng, Huángpí, Wŭchāng, Xīnzhōu ) [ Wuhan ]",China,7541527,2010-11-01,hubei
Wŭxué,China,270882,2010-11-01,hubei
Xiánfēng,China,85347,2010-11-01,hubei
Xiāngyáng ( Xiāngfán ) [ Xiangyang ],China,1433057,2010-11-01,hubei
Xiánníng,China,340723,2010-11-01,hubei
Xiāntáo,China,553029,2010-11-01,hubei
Xiàochāng,China,182818,2010-11-01,hubei
Xiàogăn,China,582403,2010-11-01,hubei
Xīshuĭ,China,235909,2010-11-01,hubei
Xuān'ēn,China,73352,2010-11-01,hubei
Yángxīn,China,237980,2010-11-01,hubei
Yíchāng [ Yichang ],China,1049363,2010-11-01,hubei
Yíchéng,China,201945,2010-11-01,hubei
Yídū ( Zhīchéng ),China,176233,2010-11-01,hubei
Yīngchéng,China,302026,2010-11-01,hubei
Yīngshān,China,104618,2010-11-01,hubei
Yuăn'ān,China,71431,2010-11-01,hubei
Yúnmèng,China,218853,2010-11-01,hubei
Yúnxī,China,130444,2010-11-01,hubei
Yúnyáng ( Yúnxiàn ),China,173085,2010-11-01,hubei
Zăoyáng,China,442367,2010-11-01,hubei
Zhījiāng,China,218396,2010-11-01,hubei
Zhōngxiáng,China,439019,2010-11-01,hubei
Zhúshān,China,120782,2010-11-01,hubei
Zhúxī,China,90069,2010-11-01,hubei
Zĭguī,China,110658,2010-11-01,hubei
Ānhuà,China,223995,2010-11-01,hunan
Ānrén,China,132202,2010-11-01,hunan
Ānxiāng,China,168346,2010-11-01,hunan
Băojìng,China,85117,2010-11-01,hunan
Chálíng,China,276812,2010-11-01,hunan
Chángdé [ Changde ],China,846308,2010-11-01,hunan
Chángníng,China,332927,2010-11-01,hunan
Chángshā ( incl. Wàngchéng ) [ Changsha ],China,3193354,2010-11-01,hunan
Chángshā,China,486428,2010-11-01,hunan
Chéngbù,China,66316,2010-11-01,hunan
Chénxī,China,133524,2010-11-01,hunan
Chēnzhōu,China,582971,2010-11-01,hunan
Cílì,China,158104,2010-11-01,hunan
Dàoxiàn,China,185181,2010-11-01,hunan
Dōng'ān,China,178501,2010-11-01,hunan
Dòngkŏu,China,207429,2010-11-01,hunan
Fènghuáng,China,82472,2010-11-01,hunan
Guìyáng,China,243371,2010-11-01,hunan
Hànshòu,China,215907,2010-11-01,hunan
Héngdōng,China,178617,2010-11-01,hunan
Héngnán,China,310683,2010-11-01,hunan
Héngshān,China,110634,2010-11-01,hunan
Héngyáng,China,337126,2010-11-01,hunan
Héngyáng [ Hengyang ],China,1055964,2010-11-01,hunan
Hóngjiāng,China,197753,2010-11-01,hunan
Huáihuà,China,472687,2010-11-01,hunan
Huáróng,China,213620,2010-11-01,hunan
Huāyuán,China,98331,2010-11-01,hunan
Huìtóng,China,79509,2010-11-01,hunan
Jiāhé,China,109709,2010-11-01,hunan
Jiānghuá,China,79659,2010-11-01,hunan
Jiāngyŏng,China,49131,2010-11-01,hunan
Jìngzhōu,China,97753,2010-11-01,hunan
Jīnshì,China,156230,2010-11-01,hunan
Jíshŏu,China,212328,2010-11-01,hunan
Lánshān,China,119485,2010-11-01,hunan
Lĕiyáng,China,476173,2010-11-01,hunan
Lĕngshuĭjiāng,China,238275,2010-11-01,hunan
Liányuán,China,245360,2010-11-01,hunan
Lĭlíng,China,449067,2010-11-01,hunan
Línlĭ,China,155906,2010-11-01,hunan
Línwŭ,China,91774,2010-11-01,hunan
Línxiāng,China,225054,2010-11-01,hunan
Liúyáng [ Liuyang ],China,588081,2010-11-01,hunan
Lĭxiàn,China,264143,2010-11-01,hunan
Lónghuí,China,274368,2010-11-01,hunan
Lóngshān,China,144510,2010-11-01,hunan
Lóudĭ,China,425037,2010-11-01,hunan
Lúxī,China,94191,2010-11-01,hunan
Máyáng,China,92503,2010-11-01,hunan
Mìluó,China,321074,2010-11-01,hunan
Nánxiàn,China,261934,2010-11-01,hunan
Níngxiāng [ Ningxiang ],China,498055,2010-11-01,hunan
Níngyuăn,China,232023,2010-11-01,hunan
Píngjiāng,China,292803,2010-11-01,hunan
Qídōng,China,319059,2010-11-01,hunan
Qíyáng,China,307648,2010-11-01,hunan
Rŭchéng,China,87459,2010-11-01,hunan
Sāngzhí,China,87672,2010-11-01,hunan
Shàodōng,China,369271,2010-11-01,hunan
Shàoyáng,China,228180,2010-11-01,hunan
Shàoyáng [ Shaoyang ],China,574527,2010-11-01,hunan
Shímén,China,187127,2010-11-01,hunan
Shuāngfēng,China,170637,2010-11-01,hunan
Shuāngpái,China,57951,2010-11-01,hunan
Suíníng,China,65080,2010-11-01,hunan
Táojiāng,China,255276,2010-11-01,hunan
Táoyuán,China,227325,2010-11-01,hunan
Tōngdào,China,49585,2010-11-01,hunan
Wŭgāng,China,187436,2010-11-01,hunan
Xiāngtán,China,237322,2010-11-01,hunan
Xiāngtán [ Xiangtan ],China,903287,2010-11-01,hunan
Xiāngxiāng,China,210799,2010-11-01,hunan
Xiāngyīn,China,298015,2010-11-01,hunan
Xīnhuà,China,244064,2010-11-01,hunan
Xīnhuăng,China,61916,2010-11-01,hunan
Xīnníng,China,154167,2010-11-01,hunan
Xīnshào,China,195437,2010-11-01,hunan
Xīntián,China,87354,2010-11-01,hunan
Xùpŭ,China,211166,2010-11-01,hunan
Yánlíng,China,77630,2010-11-01,hunan
Yìyáng [ Yiyang ],China,697607,2010-11-01,hunan
Yízhāng,China,207410,2010-11-01,hunan
Yŏngshùn,China,129924,2010-11-01,hunan
Yŏngxīng,China,187369,2010-11-01,hunan
Yŏngzhōu ( Línglíng ),China,540930,2010-11-01,hunan
Yōuxiàn,China,281377,2010-11-01,hunan
Yuánjiāng,China,281097,2010-11-01,hunan
Yuánlíng,China,174242,2010-11-01,hunan
Yuèyáng [ Yueyang ],China,924099,2010-11-01,hunan
Yuèyáng,China,244922,2010-11-01,hunan
Zhāngjiājiè ( Dàyōng ),China,250489,2010-11-01,hunan
Zhĭjiāng,China,86352,2010-11-01,hunan
Zhōngfāng,China,54433,2010-11-01,hunan
Zhūzhōu [ Zhuzhou ],China,1093730,2010-11-01,hunan
Zīxīng,China,215707,2010-11-01,hunan
Băoyīng,China,333643,2010-11-01,jiangsu
Bīnhăi,China,415187,2010-11-01,jiangsu
Chángshú [ Changshu ],China,929124,2010-11-01,jiangsu
Chángzhōu ( incl. Wŭjìn ),China,2257376,2010-11-01,jiangsu
Dàfēng,China,347389,2010-11-01,jiangsu
Dānyáng,China,500572,2010-11-01,jiangsu
Dōnghăi,China,398794,2010-11-01,jiangsu
Dōngtái,China,489815,2010-11-01,jiangsu
Fēngxiàn,China,390717,2010-11-01,jiangsu
Fùníng,China,378267,2010-11-01,jiangsu
Gànyú,China,413809,2010-11-01,jiangsu
Gāochún,China,203879,2010-11-01,jiangsu
Gāoyóu,China,341069,2010-11-01,jiangsu
Guànnán,China,243471,2010-11-01,jiangsu
Guànyún,China,320405,2010-11-01,jiangsu
Hăi'ān,China,424900,2010-11-01,jiangsu
Hóngzé,China,146359,2010-11-01,jiangsu
Huái'ān ( Huáiyīn ) [ Huai'an ],China,1523655,2010-11-01,jiangsu
Jiāngyīn [ Jiangyin ],China,1013670,2010-11-01,jiangsu
Jiànhú,China,355021,2010-11-01,jiangsu
Jìngjiāng,China,388119,2010-11-01,jiangsu
Jīnhú,China,143346,2010-11-01,jiangsu
Jīntán,China,275185,2010-11-01,jiangsu
Jùróng,China,299033,2010-11-01,jiangsu
Kūnshān,China,1118617,2010-11-01,jiangsu
Liánshuĭ,China,336643,2010-11-01,jiangsu
Liányúngăng [ Lianyungang ],China,897393,2010-11-01,jiangsu
Lìshuĭ,China,206419,2010-11-01,jiangsu
Lìyáng,China,368409,2010-11-01,jiangsu
"Nánjīng ( incl. Jiāngníng, Jiāngpǔ, Lùhé ) [ Nanking ]",China,5827888,2010-11-01,jiangsu
"Nántōng ( incl. Tōngzhōu, Hăimén ) [ Nantong ]",China,2066166,2010-11-01,jiangsu
Pèixiàn,China,495950,2010-11-01,jiangsu
Pīzhōu ( Pīxiàn ),China,631572,2010-11-01,jiangsu
Qĭdōng,China,479243,2010-11-01,jiangsu
Rúdōng,China,479170,2010-11-01,jiangsu
Rúgāo,China,614909,2010-11-01,jiangsu
Shèyáng,China,424955,2010-11-01,jiangsu
Shùyáng [ Shuyang ],China,730810,2010-11-01,jiangsu
Sìhóng,China,376726,2010-11-01,jiangsu
Sìyáng,China,387900,2010-11-01,jiangsu
Suīníng,China,426297,2010-11-01,jiangsu
Sùqiān [ Suqian ],China,783376,2010-11-01,jiangsu
"Sūzhōu ( incl. Wújiāng, Wúzhōng )",China,4083923,2010-11-01,jiangsu
Tàicāng,China,435225,2010-11-01,jiangsu
Tàixīng,China,553079,2010-11-01,jiangsu
"Tàizhōu ( incl. Huángyán, Jiāngyàn ) [ Taizhou ]",China,1053601,2010-11-01,jiangsu
Wúxī,China,2757736,2010-11-01,jiangsu
Xiăngshuĭ,China,225319,2010-11-01,jiangsu
Xīnghuà,China,575288,2010-11-01,jiangsu
Xīnyí,China,402169,2010-11-01,jiangsu
Xūyí,China,288664,2010-11-01,jiangsu
Xúzhōu ( incl. Tóngshān ) [ Xuzhou ],China,2214795,2010-11-01,jiangsu
Yánchéng [ Yancheng ],China,1136826,2010-11-01,jiangsu
Yángzhōng,China,179771,2010-11-01,jiangsu
Yángzhōu ( incl. Jiāngdū ) [ Yangzhou ],China,1584237,2010-11-01,jiangsu
Yíxīng [ Yixing ],China,710497,2010-11-01,jiangsu
Yízhēng,China,271969,2010-11-01,jiangsu
Zhāngjiāgăng,China,762625,2010-11-01,jiangsu
Zhènjiāng [ Zhenjiang ],China,950516,2010-11-01,jiangsu
Ānfú,China,126509,2010-11-01,jiangxi
Ānyì,China,87202,2010-11-01,jiangxi
Ānyuăn,China,108044,2010-11-01,jiangxi
Chóngrén,China,111769,2010-11-01,jiangxi
Chóngyì,China,56089,2010-11-01,jiangxi
Dàyú,China,135480,2010-11-01,jiangxi
Dé'ān,China,75621,2010-11-01,jiangxi
Déxīng,China,148565,2010-11-01,jiangxi
Dìngnán,China,96598,2010-11-01,jiangxi
Dōngxiāng,China,169404,2010-11-01,jiangxi
Dūchāng,China,154850,2010-11-01,jiangxi
Fēngchéng,China,379914,2010-11-01,jiangxi
Fèngxīn,China,124386,2010-11-01,jiangxi
Fēnyí,China,133378,2010-11-01,jiangxi
Fúliáng,China,177503,2010-11-01,jiangxi
Fŭzhōu ( Línchuān ),China,482940,2010-11-01,jiangxi
"Gànzhōu ( incl. Gànxiàn, Nánkāng ) [ Ganzhou ]",China,1035911,2010-11-01,jiangxi
Gāo'ān,China,295507,2010-11-01,jiangxi
Gòngqīngchéng,China,63482,2010-11-01,jiangxi
Guăngchāng,China,79731,2010-11-01,jiangxi
Guìxī,China,210319,2010-11-01,jiangxi
Héngfēng,China,100956,2010-11-01,jiangxi
Huìchāng,China,185768,2010-11-01,jiangxi
Húkŏu,China,90454,2010-11-01,jiangxi
Jí'ān,China,328318,2010-11-01,jiangxi
Jí'ān,China,165722,2010-11-01,jiangxi
Jĭngdézhèn,China,430084,2010-11-01,jiangxi
Jĭnggāngshān,China,86673,2010-11-01,jiangxi
Jīnxī,China,84333,2010-11-01,jiangxi
Jìnxián,China,182868,2010-11-01,jiangxi
Jíshuĭ,China,198368,2010-11-01,jiangxi
Jiŭjiāng,China,704356,2010-11-01,jiangxi
Lè'ān,China,106225,2010-11-01,jiangxi
Lèpíng,China,286351,2010-11-01,jiangxi
Liánhuā,China,84374,2010-11-01,jiangxi
Líchuān,China,91041,2010-11-01,jiangxi
Lóngnán,China,152051,2010-11-01,jiangxi
Lúshān ( Xīngzi ),China,101630,2010-11-01,jiangxi
Lúxī,China,108217,2010-11-01,jiangxi
Nánchāng ( incl. Xīnjiàn ) [ Nanchang ],China,2614380,2010-11-01,jiangxi
Nánchāng,China,428785,2010-11-01,jiangxi
Nánchéng,China,131245,2010-11-01,jiangxi
Nánfēng,China,91079,2010-11-01,jiangxi
Níngdū,China,200779,2010-11-01,jiangxi
Péngzé,China,151152,2010-11-01,jiangxi
Píngxiāng [ Pingxiang ],China,716229,2010-11-01,jiangxi
Póyáng,China,366169,2010-11-01,jiangxi
Quánnán,China,74766,2010-11-01,jiangxi
Ruìchāng,China,150531,2010-11-01,jiangxi
Ruìjīn,China,216229,2010-11-01,jiangxi
Shànggāo,China,131805,2010-11-01,jiangxi
Shànglì,China,188532,2010-11-01,jiangxi
"Shàngráo ( incl. Guăngfēng, Guǎngxìn ) [ Shangrao ]",China,885740,2010-11-01,jiangxi
Shàngyóu,China,70126,2010-11-01,jiangxi
Shíchéng,China,85692,2010-11-01,jiangxi
Suìchuān,China,144031,2010-11-01,jiangxi
Tàihé,China,184065,2010-11-01,jiangxi
Wàn'ān,China,93121,2010-11-01,jiangxi
Wànnián,China,142013,2010-11-01,jiangxi
Wànzăi,China,131478,2010-11-01,jiangxi
Wŭníng,China,139172,2010-11-01,jiangxi
Wùyuán,China,134209,2010-11-01,jiangxi
Xiájiāng,China,62502,2010-11-01,jiangxi
Xìnfēng,China,231982,2010-11-01,jiangxi
Xīngān,China,99883,2010-11-01,jiangxi
Xīngguó,China,169184,2010-11-01,jiangxi
Xīnyú,China,567820,2010-11-01,jiangxi
Xiūshuĭ,China,206335,2010-11-01,jiangxi
Xúnwū,China,99498,2010-11-01,jiangxi
Yánshān ( Qiānshān ),China,226611,2010-11-01,jiangxi
Yíchūn,China,461817,2010-11-01,jiangxi
Yífēng,China,108740,2010-11-01,jiangxi
Yíhuáng,China,57617,2010-11-01,jiangxi
Yīngtán,China,191893,2010-11-01,jiangxi
Yìyáng,China,144142,2010-11-01,jiangxi
Yŏngfēng,China,137502,2010-11-01,jiangxi
Yŏngxīn,China,182296,2010-11-01,jiangxi
Yŏngxiū,China,173572,2010-11-01,jiangxi
Yúdū,China,223395,2010-11-01,jiangxi
Yúgān,China,234210,2010-11-01,jiangxi
Yújiāng,China,131470,2010-11-01,jiangxi
Yùshān,China,231491,2010-11-01,jiangxi
Zhāngshù,China,188586,2010-11-01,jiangxi
Āntú,China,124927,2010-11-01,jilin
Báichéng,China,359492,2010-11-01,jilin
Báishān ( incl. Jiāngyuán ),China,503287,2010-11-01,jilin
Chángchūn [ Changchun ],China,3281510,2010-11-01,jilin
Chánglĭng,China,198717,2010-11-01,jilin
Dà'ān,China,202322,2010-11-01,jilin
Déhuì,China,187956,2010-11-01,jilin
Dōngfēng,China,129020,2010-11-01,jilin
Dōngliáo,China,81959,2010-11-01,jilin
Dūnhuà,China,293396,2010-11-01,jilin
Fŭsōng,China,218680,2010-11-01,jilin
Fúyú,China,164673,2010-11-01,jilin
Gōngzhŭlĭng,China,337851,2010-11-01,jilin
Hélóng,China,112337,2010-11-01,jilin
Huàdiàn,China,193537,2010-11-01,jilin
Huīnán,China,172792,2010-11-01,jilin
Húnchūn,China,174355,2010-11-01,jilin
Jí'ān,China,95971,2010-11-01,jilin
Jiāohé,China,201712,2010-11-01,jilin
Jílín [ Jilin ],China,1469722,2010-11-01,jilin
Jìngyŭ,China,73122,2010-11-01,jilin
Jiŭtái,China,198851,2010-11-01,jilin
Liáoyuán,China,385049,2010-11-01,jilin
Línjiāng,China,133435,2010-11-01,jilin
Líshù,China,254842,2010-11-01,jilin
Liŭhé,China,114123,2010-11-01,jilin
Lóngjĭng,China,122065,2010-11-01,jilin
Méihékŏu,China,268259,2010-11-01,jilin
Nóng'ān,China,179184,2010-11-01,jilin
Pánshí,China,228004,2010-11-01,jilin
Qián'ān,China,111586,2010-11-01,jilin
Qiánguō'ĕr ( Qian Gorlos ),China,171908,2010-11-01,jilin
Shuāngliáo,China,180700,2010-11-01,jilin
Shuāngyáng,China,129699,2010-11-01,jilin
Shūlán,China,254850,2010-11-01,jilin
Sìpíng,China,509107,2010-11-01,jilin
Sōngyuán,China,464999,2010-11-01,jilin
Táonán,China,164976,2010-11-01,jilin
Tōnghuà,China,476792,2010-11-01,jilin
Tōnghuà,China,110167,2010-11-01,jilin
Tōngyú,China,131624,2010-11-01,jilin
Túmen,China,109342,2010-11-01,jilin
Wāngqīng,China,155514,2010-11-01,jilin
Yánjí,China,505516,2010-11-01,jilin
Yītōng,China,124604,2010-11-01,jilin
Yŏngjí,China,138241,2010-11-01,jilin
Yúshù,China,280961,2010-11-01,jilin
Zhènlài,China,125088,2010-11-01,jilin
Ānshān [ Anshan ],China,1504996,2010-11-01,liaoning
Bàyúquān,China,328009,2010-11-01,liaoning
Bĕipiào,China,168620,2010-11-01,liaoning
Bĕizhèn ( Běiníng ),China,127101,2010-11-01,liaoning
Bĕnxī [ Benxi ],China,1000128,2010-11-01,liaoning
Bĕnxī,China,158689,2010-11-01,liaoning
Chāngtú,China,178839,2010-11-01,liaoning
Cháoyáng,China,46378,2010-11-01,liaoning
Cháoyáng,China,477610,2010-11-01,liaoning
Dàlián [ Dairen ],China,3902467,2010-11-01,liaoning
Dāndōng [ Dandong ],China,775787,2010-11-01,liaoning
Dàshíqiáo,China,330328,2010-11-01,liaoning
Dēngtă,China,163064,2010-11-01,liaoning
Diàobīngshān ( Tiěfǎ ),China,195673,2010-11-01,liaoning
Dōnggăng ( Dōnggōu ),China,290957,2010-11-01,liaoning
Făkù,China,92237,2010-11-01,liaoning
Fèngchéng,China,247219,2010-11-01,liaoning
Fŭshùn,China,1318808,2010-11-01,liaoning
Fùxīn,China,117183,2010-11-01,liaoning
Fùxīn [ Fuxin ],China,710063,2010-11-01,liaoning
Gàizhōu ( Gàixiàn ),China,218478,2010-11-01,liaoning
Hăichéng,China,687223,2010-11-01,liaoning
Hēishān,China,194836,2010-11-01,liaoning
Huánrén,China,112429,2010-11-01,liaoning
Húlúdăo ( Jǐnxī ) [ Huludao ],China,646482,2010-11-01,liaoning
Jiànchāng,China,95127,2010-11-01,liaoning
Jiànpíng,China,160891,2010-11-01,liaoning
Jĭnzhōu [ Jinzhou ],China,946098,2010-11-01,liaoning
Kāiyuán,China,242412,2010-11-01,liaoning
Kālăqìn Zuŏyì ( Harqin ),China,106585,2010-11-01,liaoning
Kāngpíng,China,91316,2010-11-01,liaoning
Kuāndiàn,China,161155,2010-11-01,liaoning
Liáoyáng,China,735047,2010-11-01,liaoning
Liáoyáng,China,140922,2010-11-01,liaoning
Liáozhōng,China,172439,2010-11-01,liaoning
"Línghăi ( Jǐnxiàn, Dàlínghé )",China,134716,2010-11-01,liaoning
Língyuán,China,200354,2010-11-01,liaoning
Pánjĭn ( incl. Dàwā ) [ Panjin ],China,857993,2010-11-01,liaoning
Pánshān,China,60468,2010-11-01,liaoning
Pŭlándiàn ( Xīnjīn ),China,319942,2010-11-01,liaoning
Qīngyuán,China,114426,2010-11-01,liaoning
Shĕnyáng [ Shenyang ],China,5718232,2010-11-01,liaoning
Suízhōng,China,169943,2010-11-01,liaoning
Tái'ān,China,101079,2010-11-01,liaoning
Tiĕlĭng,China,345381,2010-11-01,liaoning
Tiĕlĭng,China,61408,2010-11-01,liaoning
Wăfángdiàn,China,413921,2010-11-01,liaoning
Xīfēng,China,70947,2010-11-01,liaoning
Xīnbīn,China,84352,2010-11-01,liaoning
Xīngchéng,China,178291,2010-11-01,liaoning
Xīnmín,China,173476,2010-11-01,liaoning
Xiùyán,China,155763,2010-11-01,liaoning
Yíngkŏu [ Yingkou ],China,552403,2010-11-01,liaoning
Yìxiàn ( Yìzhōu ),China,93682,2010-11-01,liaoning
Zhāngwŭ,China,87248,2010-11-01,liaoning
Zhuānghé,China,304233,2010-11-01,liaoning
"Ālāshàn Zuŏ ( Alaša Jegün, Bayanhot ) [ Alxa ]",China,129242,2010-11-01,neimenggu
Ālŭkē'ĕrqìn ( Aru Qorčin ) [ Ar Horqin ],China,79430,2010-11-01,neimenggu
Áohàn ( Auqan ),China,118673,2010-11-01,neimenggu
Āróng ( Arun ),China,83098,2010-11-01,neimenggu
Bālín Yòu ( Bairin You ) [ Bairin Right ],China,84779,2010-11-01,neimenggu
Bālín Zuŏ ( Baɣarin Jegün ) [ Bairin Left ],China,90259,2010-11-01,neimenggu
Bāotóu ( Buɣutu ) [ Baotou ],China,1874323,2010-11-01,neimenggu
"Bāyànnào'ĕr ( Bayannaɣur, Línhé ) [ Bayannur ]",China,354507,2010-11-01,neimenggu
Chìfēng ( Ulaɣanqada ) [ Ulanhad ],China,902285,2010-11-01,neimenggu
Dálātè ( Dalad ),China,204300,2010-11-01,neimenggu
È'ĕrduōsī ( Ôrdôs ) [ Ordos ],China,510242,2010-11-01,neimenggu
É'ĕrgŭnà ( Ergüne ) [ Ergun ],China,55076,2010-11-01,neimenggu
Èlúnchūn ( Orčonu ) [ Oroqen ],China,151156,2010-11-01,neimenggu
Èrliánhàotè ( Eriyen Qota ) [ Erenhot ],China,71455,2010-11-01,neimenggu
Ètuōkè ( Otoɣ ) [ Otog ],China,119423,2010-11-01,neimenggu
Èwēnkèzú ( Eveŋki ) [ Ewenki ],China,109665,2010-11-01,neimenggu
Fēngzhèn ( Fėŋjėn ),China,123811,2010-11-01,neimenggu
Gēnhé ( Gegen Ɣool ),China,89194,2010-11-01,neimenggu
Hángjĭn ( Qaŋɣin ) [ Hanggin ],China,59005,2010-11-01,neimenggu
Hángjĭn Hòu ( Qaŋɣin Qoyitu ) [ Hanggin Rear ],China,82225,2010-11-01,neimenggu
Hélíngé'ĕr ( Qorin Ger ) [ Horinger ],China,51106,2010-11-01,neimenggu
Hūhéhàotè ( Kökeqota ) [ Hohhot ],China,1497110,2010-11-01,neimenggu
"Hūlúnbèi'ĕr ( Qayilar, Hailar, Hǎilā’ěr ) [ Hulunbuir ]",China,327384,2010-11-01,neimenggu
Huòlínguōlè ( Qoolin Ɣool ) [ Holingol ],China,101496,2010-11-01,neimenggu
Kāilŭ ( Ḵayilü ),China,111502,2010-11-01,neimenggu
Kālăqìn ( Qaračin ) [ Harqin ],China,92372,2010-11-01,neimenggu
Kē'ĕrqìn Yòuyì Qiánqí ( Qorčin Baraɣun Ɣarun Emünedü ) [ Horqin Right Front ],China,52520,2010-11-01,neimenggu
Kē'ĕrqìn Yòuyì Zhōng ( Qorčin Baraɣun Ɣarun Dumdadu ) [ Horqin Right Middle ],China,97796,2010-11-01,neimenggu
Kē'ĕrqìn Zuŏyì Hòu ( Qorčin Jegün Ɣarun Qoyitu ) [ Horqin Left Back ],China,107530,2010-11-01,neimenggu
Kē'ĕrqìn Zuŏyì Zhōng ( Qorčin Jegün Ɣarun Dumdadu ) [ Horqin Left Middle ],China,148310,2010-11-01,neimenggu
Kèshíkèténg ( Kesigten ) [ Heshigten ],China,78295,2010-11-01,neimenggu
Línxī ( Linsi ),China,99301,2010-11-01,neimenggu
Mănzhōulĭ ( Manjuur ) [ Manjur ],China,248420,2010-11-01,neimenggu
Mòlì Dáwă ( Morin Dabaɣa ) [ Morin Dawa ],China,72821,2010-11-01,neimenggu
Nàimàn ( Naiman ),China,110318,2010-11-01,neimenggu
Níngchéng ( Niŋčėŋ ),China,117976,2010-11-01,neimenggu
Shāngdū ( Šaŋdu ),China,80200,2010-11-01,neimenggu
Tōngliáo ( Tüŋliyou ),China,540338,2010-11-01,neimenggu
Tŭmòtè Yòu ( Tümed Baraɣun ) [ Tumed Right ],China,108200,2010-11-01,neimenggu
Tŭmòtè Zuŏ ( Tümed Jegün ) [ Tumed Left ],China,88477,2010-11-01,neimenggu
Tuōkètuō ( Toɣtaqu ) [ Togtoh ],China,72484,2010-11-01,neimenggu
Tūquán ( Tüčiuvan ),China,73129,2010-11-01,neimenggu
Wēngniútè ( Oŋniɣud ) [ Ongniud ],China,123532,2010-11-01,neimenggu
Wūhăi ( Üqai ),China,502704,2010-11-01,neimenggu
"Wūlánchábù ( Ulaɣančab, Jíníng ) [ Ulanqab ]",China,319723,2010-11-01,neimenggu
Wūlánhàotè ( Ulaγan ) [ Ulanhot ],China,276406,2010-11-01,neimenggu
Wūlātè Qián ( Uradun Emünedü ) [ Urad Front ],China,106495,2010-11-01,neimenggu
Wūshĕn ( Üüsin ) [ Uxin ],China,62522,2010-11-01,neimenggu
Wŭyuán ( Üyuvan ),China,119330,2010-11-01,neimenggu
Xīlínhàotè ( Siliyin hota ) [ Xilinhot ],China,214382,2010-11-01,neimenggu
Xīnghé,China,53395,2010-11-01,neimenggu
Yákèshí ( Xuguit ),China,338275,2010-11-01,neimenggu
Yījīnhuòluò ( Ejin Qoroɣa ) [ Ejin Horo ],China,144135,2010-11-01,neimenggu
Zhālàitè ( Jalaid ),China,122741,2010-11-01,neimenggu
Zhālántún ( Jalan Ayil ) [ Zalantun ],China,167493,2010-11-01,neimenggu
Zhālŭtè ( Jarud ),China,92510,2010-11-01,neimenggu
Zhŭngé'ĕr ( Jegünɣar ) [ Jungar ],China,211331,2010-11-01,neimenggu
Gùyuán,China,130155,2010-11-01,ningxia
Hăiyuán,China,51815,2010-11-01,ningxia
Hèlán,China,83382,2010-11-01,ningxia
Língwŭ,China,125976,2010-11-01,ningxia
Lóngdé,China,28539,2010-11-01,ningxia
Péngyáng,China,45880,2010-11-01,ningxia
Píngluó,China,94095,2010-11-01,ningxia
Qīngtóngxiá,China,99367,2010-11-01,ningxia
Shízuĭshān,China,403901,2010-11-01,ningxia
Tóngxīn,China,104261,2010-11-01,ningxia
Wúzhōng,China,232134,2010-11-01,ningxia
Xījí,China,55027,2010-11-01,ningxia
Yánchí,China,44558,2010-11-01,ningxia
Yínchuān [ Yinchuan ],China,1159457,2010-11-01,ningxia
Yŏngníng,China,76590,2010-11-01,ningxia
Zhōngníng,China,106745,2010-11-01,ningxia
Zhōngwèi,China,160279,2010-11-01,ningxia
Dàtōng,China,144484,2010-11-01,qinghai
Délìnghā ( Delhi ),China,54844,2010-11-01,qinghai
Gé'ĕrmù ( Golmud ),China,186341,2010-11-01,qinghai
Gònghé,China,45519,2010-11-01,qinghai
Guìdé,China,27210,2010-11-01,qinghai
Hăiyàn,China,20910,2010-11-01,qinghai
Huàlóng,China,39212,2010-11-01,qinghai
Huángyuán,China,35201,2010-11-01,qinghai
Hùzhù,China,57489,2010-11-01,qinghai
Lèdū,China,69939,2010-11-01,qinghai
Măqìn ( Maqên ),China,24098,2010-11-01,qinghai
Ményuán,China,36727,2010-11-01,qinghai
Mínhé,China,80600,2010-11-01,qinghai
Píng'ān,China,50494,2010-11-01,qinghai
Tóngrén,China,28829,2010-11-01,qinghai
Xīníng ( incl. Huángzhōng ) [ Xining ],China,1227209,2010-11-01,qinghai
Xúnhuà,China,21181,2010-11-01,qinghai
Yùshù ( Yüxü ),China,56802,2010-11-01,qinghai
Ānqiū,China,300160,2010-11-01,shandong
Bīnzhōu,China,407820,2010-11-01,shandong
Bóxīng,China,241964,2010-11-01,shandong
Cáoxiàn,China,431653,2010-11-01,shandong
Chānglè,China,256002,2010-11-01,shandong
Chāngyì,China,287720,2010-11-01,shandong
Chéngwŭ,China,207316,2010-11-01,shandong
Chípíng,China,192161,2010-11-01,shandong
Dézhōu,China,526232,2010-11-01,shandong
Dōng'ē,China,114315,2010-11-01,shandong
Dōngmíng,China,236093,2010-11-01,shandong
Dōngpíng,China,245852,2010-11-01,shandong
Dōngyíng ( incl. Kěnlì ) [ Dongying ],China,773543,2010-11-01,shandong
Féichéng,China,472775,2010-11-01,shandong
Fèixiàn,China,389343,2010-11-01,shandong
Gāomì,China,466786,2010-11-01,shandong
Gāoqīng,China,120011,2010-11-01,shandong
Gāotáng,China,177673,2010-11-01,shandong
Guăngráo,China,187010,2010-11-01,shandong
Guānxiàn,China,182875,2010-11-01,shandong
Hăiyáng,China,244600,2010-11-01,shandong
Hékǒu,China,189488,2010-11-01,shandong
Hézé ( incl. Dìngtáo ) [ Heze ],China,725673,2010-11-01,shandong
Huántái,China,263011,2010-11-01,shandong
Huìmín,China,216254,2010-11-01,shandong
Jiāozhōu,China,404216,2010-11-01,shandong
Jiāxiáng,China,175793,2010-11-01,shandong
"Jìnán ( incl. Jìyáng, Zhāngqiū ) [ Jinan ]",China,4119801,2010-11-01,shandong
Jìníng ( incl. Yănzhōu ) [ Jining ],China,1327483,2010-11-01,shandong
Jīnxiāng,China,211815,2010-11-01,shandong
Juànchéng,China,223580,2010-11-01,shandong
Jŭnán,China,319820,2010-11-01,shandong
Jŭxiàn,China,250350,2010-11-01,shandong
Jùyĕ,China,320767,2010-11-01,shandong
Láiwú,China,668805,2010-11-01,shandong
Láixī,China,347452,2010-11-01,shandong
Láiyáng,China,358092,2010-11-01,shandong
Láizhōu,China,379789,2010-11-01,shandong
Lánlíng ( Cāngshān ),China,364340,2010-11-01,shandong
Lèlíng,China,214238,2010-11-01,shandong
Liángshān,China,210007,2010-11-01,shandong
Liáochéng [ Liaocheng ],China,606366,2010-11-01,shandong
Lìjīn,China,71603,2010-11-01,shandong
Língchéng ( Língxiàn ),China,170317,2010-11-01,shandong
Línqīng,China,343274,2010-11-01,shandong
Línqú,China,246962,2010-11-01,shandong
Línshù,China,276356,2010-11-01,shandong
Línyì,China,210891,2010-11-01,shandong
Línyí [ Linyi ],China,1522488,2010-11-01,shandong
Lóngkŏu,China,388770,2010-11-01,shandong
Mĕngyīn,China,184895,2010-11-01,shandong
Níngjīn,China,142309,2010-11-01,shandong
Níngyáng,China,251834,2010-11-01,shandong
Pénglái,China,185894,2010-11-01,shandong
Píngdù,China,427694,2010-11-01,shandong
Píngyì,China,323317,2010-11-01,shandong
Píngyīn,China,151185,2010-11-01,shandong
Píngyuán,China,166244,2010-11-01,shandong
Qíhé,China,290342,2010-11-01,shandong
"Qīngdăo ( incl. Jiāonán, Jímò ) [ Tsingtao ]",China,4556077,2010-11-01,shandong
Qìngyún,China,91851,2010-11-01,shandong
Qīngzhōu ( Yìdū ),China,384358,2010-11-01,shandong
Qīxiá,China,204633,2010-11-01,shandong
Qŭfù,China,302805,2010-11-01,shandong
Rìzhào [ Rizhao ],China,902272,2010-11-01,shandong
Róngchéng,China,363420,2010-11-01,shandong
Rŭshān,China,259876,2010-11-01,shandong
Shānghé,China,121936,2010-11-01,shandong
Shànxiàn,China,375780,2010-11-01,shandong
Shēnxiàn,China,279050,2010-11-01,shandong
Shòuguāng,China,476274,2010-11-01,shandong
Sìshuĭ,China,163794,2010-11-01,shandong
Tài'ān [ Tai'an ],China,1123541,2010-11-01,shandong
Tánchéng,China,357744,2010-11-01,shandong
Téngzhōu [ Tengzhou ],China,783473,2010-11-01,shandong
Wéifāng [ Weifang ],China,1261582,2010-11-01,shandong
Wēihăi ( incl. Wéndēng ) [ Weihai ],China,1009491,2010-11-01,shandong
Wēishān,China,243993,2010-11-01,shandong
Wènshàng,China,206304,2010-11-01,shandong
Wŭchéng,China,177058,2010-11-01,shandong
Wúdì,China,180697,2010-11-01,shandong
Wŭlián,China,166067,2010-11-01,shandong
Xiàjīn,China,203768,2010-11-01,shandong
Xīntài,China,672207,2010-11-01,shandong
Yánggŭ,China,238947,2010-11-01,shandong
Yángxìn,China,131036,2010-11-01,shandong
Yāntái [ Yantai ],China,1797861,2010-11-01,shandong
Yínán,China,363801,2010-11-01,shandong
Yíshuĭ,China,420826,2010-11-01,shandong
Yíyuán,China,214801,2010-11-01,shandong
Yŭchéng,China,203724,2010-11-01,shandong
Yùnchéng,China,380847,2010-11-01,shandong
Yútái,China,117368,2010-11-01,shandong
Zăozhuāng [ Zaozhuang ],China,980893,2010-11-01,shandong
Zhānhuà,China,146577,2010-11-01,shandong
Zhāoyuăn,China,281780,2010-11-01,shandong
Zhūchéng,China,586652,2010-11-01,shandong
Zībó [ Zibo ],China,2261717,2010-11-01,shandong
Zōuchéng ( Zōuxiàn ),China,513418,2010-11-01,shandong
Zōupíng,China,389003,2010-11-01,shandong
Chóngmíng,China,337350,2010-11-01,shanghai
Shànghăi [ Shanghai ],China,20217748,2010-11-01,shanghai
Ānkāng,China,379707,2010-11-01,shaanxi
Ānsài,China,74945,2010-11-01,shaanxi
Báihé,China,47397,2010-11-01,shaanxi
Báishuĭ,China,89767,2010-11-01,shaanxi
Băojī [ Baoji ],China,871940,2010-11-01,shaanxi
Bīnzhōu ( Bīnxiàn ),China,106710,2010-11-01,shaanxi
Chéngchéng,China,131006,2010-11-01,shaanxi
Chénggù,China,160685,2010-11-01,shaanxi
Dàlì,China,146274,2010-11-01,shaanxi
Dānfèng,China,93037,2010-11-01,shaanxi
Dìngbiān,China,121766,2010-11-01,shaanxi
Fèngxiáng,China,153560,2010-11-01,shaanxi
Fúfēng,China,85982,2010-11-01,shaanxi
Fŭgŭ,China,148874,2010-11-01,shaanxi
Fùpíng,China,171207,2010-11-01,shaanxi
Hánchéng,China,196574,2010-11-01,shaanxi
Hànyīn,China,61985,2010-11-01,shaanxi
Hànzhōng ( incl. Nánzhèng ),China,494763,2010-11-01,shaanxi
Héngshān,China,114188,2010-11-01,shaanxi
Héyáng,China,110667,2010-11-01,shaanxi
Huánglíng,China,61363,2010-11-01,shaanxi
Huáyīn,China,127987,2010-11-01,shaanxi
Huázhōu ( Huáxiàn ),China,107467,2010-11-01,shaanxi
Jìngbiān,China,191366,2010-11-01,shaanxi
Jīngyáng,China,138898,2010-11-01,shaanxi
Lántián,China,118768,2010-11-01,shaanxi
Lĭquán,China,83882,2010-11-01,shaanxi
Lŏngxiàn,China,66445,2010-11-01,shaanxi
Lüèyáng,China,73999,2010-11-01,shaanxi
Luòchuān,China,56135,2010-11-01,shaanxi
Luònán,China,112201,2010-11-01,shaanxi
Méixiàn,China,75939,2010-11-01,shaanxi
Miănxiàn,China,155101,2010-11-01,shaanxi
Níngqiáng,China,102896,2010-11-01,shaanxi
Pínglì,China,62079,2010-11-01,shaanxi
Púchéng,China,190871,2010-11-01,shaanxi
Qiánxiàn,China,167554,2010-11-01,shaanxi
Qíshān,China,161538,2010-11-01,shaanxi
Sānyuán,China,190672,2010-11-01,shaanxi
Shāngluò ( Shāngzhōu ),China,156781,2010-11-01,shaanxi
Shāngnán,China,63830,2010-11-01,shaanxi
Shānyáng,China,72507,2010-11-01,shaanxi
Shénmù,China,282650,2010-11-01,shaanxi
Suídé,China,91909,2010-11-01,shaanxi
Tóngchuān ( incl. Yàozhōu ),China,463866,2010-11-01,shaanxi
Wèinán,China,347484,2010-11-01,shaanxi
Wŭgōng,China,89765,2010-11-01,shaanxi
Wúqĭ,China,64776,2010-11-01,shaanxi
"Xī'ān ( incl. Cháng'ān, Líntóng, Hùyì, Gāolíng ) [ Sian ]",China,5596083,2010-11-01,shaanxi
Xiányáng,China,730704,2010-11-01,shaanxi
Xīngpíng,China,247539,2010-11-01,shaanxi
Xīxiāng,China,97201,2010-11-01,shaanxi
Xúnyáng,China,138876,2010-11-01,shaanxi
Xúnyì,China,57542,2010-11-01,shaanxi
Yán'ān,China,336856,2010-11-01,shaanxi
Yánchuān,China,98041,2010-11-01,shaanxi
Yánglíng,China,104944,2010-11-01,shaanxi
Yángxiàn,China,103173,2010-11-01,shaanxi
Yúlín,China,429189,2010-11-01,shaanxi
Zhàshuĭ,China,70978,2010-11-01,shaanxi
Zhèn'ān,China,70770,2010-11-01,shaanxi
Zhènbā,China,53851,2010-11-01,shaanxi
Zhìdān,China,66251,2010-11-01,shaanxi
Zhōuzhì,China,127853,2010-11-01,shaanxi
Zicháng,China,119387,2010-11-01,shaanxi
Zĭyáng,China,75084,2010-11-01,shaanxi
Băodé,China,50524,2010-11-01,shanxi
"Chángzhì ( incl. Lùchéng, Shàngdǎng ) [ Changzhi ]",China,848227,2010-11-01,shanxi
Dàixiàn,China,75518,2010-11-01,shanxi
Dàtóng [ Datong ],China,1420467,2010-11-01,shanxi
Dìngxiāng,China,64662,2010-11-01,shanxi
Fánshì,China,95246,2010-11-01,shanxi
Fényáng,China,149222,2010-11-01,shanxi
Gāopíng,China,213460,2010-11-01,shanxi
Gŭjiāo,China,146161,2010-11-01,shanxi
Héjīn,China,175824,2010-11-01,shanxi
Héqŭ,China,58614,2010-11-01,shanxi
Hóngdòng,China,240740,2010-11-01,shanxi
Hòumă,China,137020,2010-11-01,shanxi
Huáirén,China,166231,2010-11-01,shanxi
Húguān,China,58971,2010-11-01,shanxi
Húnyuán,China,105870,2010-11-01,shanxi
Huòzhōu,China,156853,2010-11-01,shanxi
Jiàngxiàn,China,124584,2010-11-01,shanxi
Jiāochéng,China,103223,2010-11-01,shanxi
Jièxiū,China,232269,2010-11-01,shanxi
Jìnchéng,China,476945,2010-11-01,shanxi
Jìnzhōng ( Yúcì ),China,444002,2010-11-01,shanxi
Jìshān,China,100240,2010-11-01,shanxi
Línfén,China,571237,2010-11-01,shanxi
Língchuān,China,73709,2010-11-01,shanxi
Língqiū,China,49492,2010-11-01,shanxi
Língshí,China,111715,2010-11-01,shanxi
Línxiàn,China,119358,2010-11-01,shanxi
Línyī,China,183386,2010-11-01,shanxi
Liŭlín,China,97422,2010-11-01,shanxi
Lǚliáng ( Líshí ),China,250080,2010-11-01,shanxi
Níngwŭ,China,65673,2010-11-01,shanxi
Píngdìng,China,104003,2010-11-01,shanxi
Pínglù,China,57908,2010-11-01,shanxi
Píngyáo,China,172055,2010-11-01,shanxi
Qīngxú,China,94519,2010-11-01,shanxi
Qìnshuǐ,China,70350,2010-11-01,shanxi
Qìnxiàn,China,53233,2010-11-01,shanxi
Qìnyuán,China,53009,2010-11-01,shanxi
Qíxiàn,China,81115,2010-11-01,shanxi
Qŭwò,China,71794,2010-11-01,shanxi
Ruìchéng,China,151565,2010-11-01,shanxi
Shānyīn,China,103523,2010-11-01,shanxi
Shòuyáng,China,62432,2010-11-01,shanxi
Shuòzhōu,China,381566,2010-11-01,shanxi
Tàigŭ,China,115996,2010-11-01,shanxi
Tàiyuán [ Taiyuan ],China,3154157,2010-11-01,shanxi
Tiānzhèn,China,63952,2010-11-01,shanxi
Túnliú,China,74535,2010-11-01,shanxi
Wànróng,China,87103,2010-11-01,shanxi
Wénshuĭ,China,109819,2010-11-01,shanxi
Wénxĭ,China,155955,2010-11-01,shanxi
Wŭtái,China,76046,2010-11-01,shanxi
Xiāngfén,China,136327,2010-11-01,shanxi
Xiāngníng,China,62659,2010-11-01,shanxi
Xiāngyuán,China,102623,2010-11-01,shanxi
Xiàoyì,China,268253,2010-11-01,shanxi
Xiàxiàn,China,78735,2010-11-01,shanxi
Xīngxiàn,China,79723,2010-11-01,shanxi
Xīnjiàng,China,110041,2010-11-01,shanxi
Xīnzhōu,China,279875,2010-11-01,shanxi
Xīyáng,China,59753,2010-11-01,shanxi
Yángchéng,China,147978,2010-11-01,shanxi
Yánggāo,China,85730,2010-11-01,shanxi
Yángqŭ,China,35849,2010-11-01,shanxi
Yángquán [ Yangquan ],China,623671,2010-11-01,shanxi
Yìchéng,China,89856,2010-11-01,shanxi
Yīngxiàn,China,91041,2010-11-01,shanxi
Yŏngjì,China,179028,2010-11-01,shanxi
Yuánpíng,China,202562,2010-11-01,shanxi
Yuánqŭ,China,91920,2010-11-01,shanxi
Yùnchéng,China,432554,2010-11-01,shanxi
Yúxiàn,China,93535,2010-11-01,shanxi
Zézhōu,China,197435,,shanxi
Zhǎngzǐ,China,76214,2010-11-01,shanxi
Zhōngyáng,China,79157,2010-11-01,shanxi
Zuǒquán,China,58612,2010-11-01,shanxi
Zuǒyún,China,63534,2010-11-01,shanxi
Ānyuè,China,226648,2010-11-01,sichuan
Bāzhōng,China,477235,2010-11-01,sichuan
Bĕichuān,China,55671,2010-11-01,sichuan
Cāngxī,China,127728,2010-11-01,sichuan
Chángníng,China,103101,2010-11-01,sichuan
"Chéngdū ( incl. Xīndū, Shuāngliú, Pídōu, Xīnjīn ) [ Chengtu ]",China,7823831,2010-11-01,sichuan
Chóngzhōu,China,206448,2010-11-01,sichuan
Dàyì,China,175898,2010-11-01,sichuan
Dàyīng,China,141597,2010-11-01,sichuan
Dázhōu ( incl. Dáchuān ) [ Dazhou ],China,678690,2010-11-01,sichuan
Dàzhú,China,273536,2010-11-01,sichuan
Déchāng,China,71200,2010-11-01,sichuan
Déyáng,China,530122,2010-11-01,sichuan
Dūjiāngyàn,China,317627,2010-11-01,sichuan
Éméishān,China,220349,2010-11-01,sichuan
Fùshùn,China,252451,2010-11-01,sichuan
Gāoxiàn,China,103900,2010-11-01,sichuan
Gŏngxiàn,China,157012,2010-11-01,sichuan
Guăng'ān,China,317502,2010-11-01,sichuan
Guănghàn,China,235872,2010-11-01,sichuan
Guăngyuán,China,407756,2010-11-01,sichuan
Gŭlìn,China,121995,2010-11-01,sichuan
Hànyuán,China,53910,2010-11-01,sichuan
Héjiāng,China,214805,2010-11-01,sichuan
Hóngyă,China,90176,2010-11-01,sichuan
Huáyíng,China,119228,2010-11-01,sichuan
Huìdōng,China,69925,2010-11-01,sichuan
Huìlĭ,China,133074,2010-11-01,sichuan
Jiājiāng,China,85238,2010-11-01,sichuan
Jiāng'ān,China,118708,2010-11-01,sichuan
Jiàngé,China,105487,2010-11-01,sichuan
Jiāngyóu,China,312154,2010-11-01,sichuan
Jiănyáng,China,365386,2010-11-01,sichuan
Jĭngyán,China,73047,2010-11-01,sichuan
Jīntáng,China,186844,2010-11-01,sichuan
Jūnlián,China,76094,2010-11-01,sichuan
Kāijiāng,China,125558,2010-11-01,sichuan
Kāngdìng,China,60439,2010-11-01,sichuan
Lángzhōng,China,242535,2010-11-01,sichuan
Léibō,China,40759,2010-11-01,sichuan
Lèshān [ Leshan ],China,659267,2010-11-01,sichuan
Lèzhì,China,157625,2010-11-01,sichuan
Línshuĭ,China,188626,2010-11-01,sichuan
Lóngchāng,China,289494,2010-11-01,sichuan
Luójiāng,China,79269,2010-11-01,sichuan
Lúxiàn,China,269241,2010-11-01,sichuan
Lúzhōu [ Luzhou ],China,742274,2010-11-01,sichuan
Măbiān,China,24510,2010-11-01,sichuan
Mă'ĕrkāng ( Barkam ),China,28783,2010-11-01,sichuan
Méishān ( incl. Péngshān ),China,497896,2010-11-01,sichuan
Miănníng,China,100195,2010-11-01,sichuan
Miányáng ( incl. Ānzhōu ) [ Mianyang ],China,1063272,2010-11-01,sichuan
Miánzhú,China,192001,2010-11-01,sichuan
Mĭyì,China,58299,2010-11-01,sichuan
Mùchuān,China,45281,2010-11-01,sichuan
Nánbù,China,249559,2010-11-01,sichuan
Nánchōng [ Nanchong ],China,890402,2010-11-01,sichuan
Nánjiāng,China,115831,2010-11-01,sichuan
Nánxī,China,119196,2010-11-01,sichuan
Nèijiāng,China,586445,2010-11-01,sichuan
Níngnán,China,54414,2010-11-01,sichuan
Pānzhīhuā ( Dùkǒu ),China,631258,2010-11-01,sichuan
Péng'ān,China,200531,2010-11-01,sichuan
Péngxī,China,149400,2010-11-01,sichuan
Péngzhōu ( Péngxiàn ),China,263199,2010-11-01,sichuan
Píngchāng,China,212420,2010-11-01,sichuan
Píngshān,China,28592,2010-11-01,sichuan
Pújiāng,China,73069,2010-11-01,sichuan
Qiánwéi,China,114294,2010-11-01,sichuan
Qīngchuān,China,41830,2010-11-01,sichuan
Qīngshén,China,58445,2010-11-01,sichuan
Qiónglái,China,190099,2010-11-01,sichuan
Qúxiàn,China,285024,2010-11-01,sichuan
Rénshòu,China,266795,2010-11-01,sichuan
Róngxiàn,China,180247,2010-11-01,sichuan
Sāntái,China,206740,2010-11-01,sichuan
Shèhóng,China,358735,2010-11-01,sichuan
Shífāng,China,187473,2010-11-01,sichuan
Shímián,China,39436,2010-11-01,sichuan
Suìníng,China,549826,2010-11-01,sichuan
Tōngjiāng,China,129222,2010-11-01,sichuan
Wàngcāng,China,136405,2010-11-01,sichuan
Wànyuán,China,129617,2010-11-01,sichuan
Wēiyuăn,China,260044,2010-11-01,sichuan
Wŭshèng,China,131910,2010-11-01,sichuan
Xīchāng,China,466732,2010-11-01,sichuan
Xīchōng,China,141280,2010-11-01,sichuan
Xīngwén,China,85494,2010-11-01,sichuan
Xuānhàn,China,295993,2010-11-01,sichuan
Xùyŏng,China,139129,2010-11-01,sichuan
Yă'ān ( incl. Míngshān ),China,261071,2010-11-01,sichuan
Yántíng,China,97248,2010-11-01,sichuan
Yányuán,China,59427,2010-11-01,sichuan
Yíbīn ( incl. Xùzhōu ) [ Yibin ],China,708447,2010-11-01,sichuan
Yílŏng,China,346569,2010-11-01,sichuan
Yíngshān,China,183789,2010-11-01,sichuan
Yuèchí,China,174693,2010-11-01,sichuan
Yuèxī,China,59085,2010-11-01,sichuan
Zhōngjiāng,China,269255,2010-11-01,sichuan
Zìgòng [ Zigong ],China,666204,2010-11-01,sichuan
Zĭtóng,China,61950,2010-11-01,sichuan
Zīyáng,China,376387,2010-11-01,sichuan
Zīzhōng,China,265058,2010-11-01,sichuan
Băodí,China,271992,2010-11-01,tianjin
Jìzhōu ( Jìxiàn ),China,270236,2010-11-01,tianjin
Tiānjīn [ Tientsin ],China,9735665,2010-11-01,tianjin
Aksu ( Ākèsū ),China,284872,2010-11-01,xinjiang
Altay ( Ālètài ),China,112711,2010-11-01,xinjiang
Aral ( Ālā'ĕr ),China,65175,2010-11-01,xinjiang
Artux ( Ātúshí ),China,58427,2010-11-01,xinjiang
Āwătí ( Awat ),China,49606,2010-11-01,xinjiang
Báijiăntān,China,48644,2010-11-01,xinjiang
Bay ( Bàichéng ),China,54401,2010-11-01,xinjiang
Bortala ( Bólè ),China,120138,2010-11-01,xinjiang
Chāngjí,China,303938,2010-11-01,xinjiang
Dörbiljin ( Émĭn ),China,79051,2010-11-01,xinjiang
Dúshānzi,China,69151,2010-11-01,xinjiang
Fùkāng,China,67598,2010-11-01,xinjiang
Gŏngliú ( Tokkuztara ),China,32704,2010-11-01,xinjiang
Gulja ( Yīníng ),China,368813,2010-11-01,xinjiang
Héjìng,China,43792,2010-11-01,xinjiang
Hotan ( Hétián ),China,119804,2010-11-01,xinjiang
Huòchéng,China,89083,2010-11-01,xinjiang
Hūtúbì,China,87196,2010-11-01,xinjiang
Jiāshī ( Payzawat ),China,27614,2010-11-01,xinjiang
Jímùsà'ĕr ( Jimsar ),China,36851,2010-11-01,xinjiang
Jīnghé ( Jing ),China,37079,2010-11-01,xinjiang
Karamay ( Kèlāmăyī ),China,232441,2010-11-01,xinjiang
Kargilik ( Yèchéng ),China,77552,2010-11-01,xinjiang
Kaxgar ( Kāshí ) [ Kashgar ],China,310448,2010-11-01,xinjiang
Korla ( Kù'ĕrlè ),China,425182,2010-11-01,xinjiang
"Kumul ( Hāmì, Yizhou )",China,310500,2010-11-01,xinjiang
Künes ( Xīnyuán ),China,72368,2010-11-01,xinjiang
Kuqa ( Kùchē ),China,184835,2010-11-01,xinjiang
Kuytun ( Kuítún ),China,145456,2010-11-01,xinjiang
Makit ( Màigàití ),China,53823,2010-11-01,xinjiang
Manas ( Mănàsī ),China,100214,2010-11-01,xinjiang
Maralbexi ( Bāchŭ ),China,47537,2010-11-01,xinjiang
Mòyù ( Karakax ),China,29823,2010-11-01,xinjiang
Piqan ( Shànshàn ),China,70742,2010-11-01,xinjiang
Qítái,China,88014,2010-11-01,xinjiang
Shāwān,China,136925,2010-11-01,xinjiang
Shíhézi,China,313768,2010-11-01,xinjiang
Tăchéng,China,75122,2010-11-01,xinjiang
Tiěménguān,China,77969,2020-11-01,xinjiang
Túmùshūkè [ Tumxuk ],China,128056,2020-11-01,xinjiang
Tuōkèxùn ( Toksun ),China,36752,2010-11-01,xinjiang
Turpan ( Tŭlŭfān ),China,89719,2010-11-01,xinjiang
Ürümqi ( Wūlŭmùqí ),China,2853398,2010-11-01,xinjiang
Usu ( Wūsū ),China,131661,2010-11-01,xinjiang
Wēnsù,China,61036,2010-11-01,xinjiang
Wŭjiāqú,China,75088,2010-11-01,xinjiang
Xayar ( Shāyă ),China,66032,2010-11-01,xinjiang
Xīnhé ( Toksu ),China,34846,2010-11-01,xinjiang
Yarkant ( Shāchē ),China,133835,2010-11-01,xinjiang
Yīníng ( Gulja ),China,32494,2010-11-01,xinjiang
Yútián ( Keriya ),China,34167,2010-11-01,xinjiang
Ālĭ [ Ngari ],China,95465,2010-11-01,xizang
"Chāngdū [ Qamdo, Chambo ]",China,657505,2010-11-01,xizang
Lāsà [ Lhasa ],China,559423,2010-11-01,xizang
Línzhī [ Nyingchi ],China,195109,2010-11-01,xizang
Nàqŭ [ Nagqu ],China,462381,2010-11-01,xizang
"Rìkāzé [ Shigatse, Xigazê ]",China,703292,2010-11-01,xizang
Shānnán [ Lhoka ],China,328990,2010-11-01,xizang
Ānníng,China,242151,2010-11-01,yunnan
Băoshān,China,263380,2010-11-01,yunnan
Bīnchuān,China,105933,2010-11-01,yunnan
Chāngníng,China,80440,2010-11-01,yunnan
Chéngjiāng,China,69008,2010-11-01,yunnan
Chŭxióng,China,331991,2010-11-01,yunnan
Dàguān,China,53870,2010-11-01,yunnan
Dàlĭ,China,367122,2010-11-01,yunnan
Dàyáo,China,49532,2010-11-01,yunnan
Dōngchuān,China,113632,2010-11-01,yunnan
Fèngqìng,China,76529,2010-11-01,yunnan
Fùmín,China,43410,2010-11-01,yunnan
Fùníng,China,67078,2010-11-01,yunnan
Fùyuán,China,249312,2010-11-01,yunnan
Gèjiù,China,163528,2010-11-01,yunnan
Gĕngmă,China,80657,2010-11-01,yunnan
Guăngnán,China,114529,2010-11-01,yunnan
Hèqìng,China,57738,2010-11-01,yunnan
Huáníng,China,81456,2010-11-01,yunnan
Huápíng,China,63201,2010-11-01,yunnan
Huìzé,China,234295,2010-11-01,yunnan
Jiāngchuān,China,93471,2010-11-01,yunnan
Jiànshuĭ,China,193199,2010-11-01,yunnan
Jĭngdōng,China,60984,2010-11-01,yunnan
Jĭnggŭ,China,66140,2010-11-01,yunnan
Jĭnghóng,China,205523,2010-11-01,yunnan
Jīnpíng,China,50457,2010-11-01,yunnan
Kāiyuăn,China,210801,2010-11-01,yunnan
"Kūnmíng ( incl. Chénggòng, Jìnníng ) [ Kunming ]",China,3385363,2010-11-01,yunnan
Láncāng,China,70533,2010-11-01,yunnan
Lánpíng,China,53736,2010-11-01,yunnan
Lìjiāng,China,151744,2010-11-01,yunnan
Líncāng,China,142095,2010-11-01,yunnan
Lŏngchuān,China,55100,2010-11-01,yunnan
Lŭdiàn,China,60056,2010-11-01,yunnan
Lùfēng,China,149154,2010-11-01,yunnan
Lùliáng,China,225046,2010-11-01,yunnan
Luópíng,China,194378,2010-11-01,yunnan
Lùquàn,China,83220,2010-11-01,yunnan
Lúshuĭ,China,53997,2010-11-01,yunnan
Lúxī,China,120044,2010-11-01,yunnan
Măguān,China,89859,2010-11-01,yunnan
Máng ( Lùxī ),China,131425,2010-11-01,yunnan
Mĕnghăi,China,94945,2010-11-01,yunnan
Mĕnglà,China,84625,2010-11-01,yunnan
Mĕngzì,China,212724,2010-11-01,yunnan
Mídù,China,94913,2010-11-01,yunnan
Mílè,China,213462,2010-11-01,yunnan
Mòjiāng,China,48893,2010-11-01,yunnan
Nínglàng,China,33120,2010-11-01,yunnan
Pŭ'ĕr ( Sīmáo ),China,185473,2010-11-01,yunnan
Qiăojiā,China,67272,2010-11-01,yunnan
Qiūbĕi,China,73560,2010-11-01,yunnan
Qŭjìng ( incl. Zhānyì ) [ Qujing ],China,646046,2010-11-01,yunnan
Ruìlì,China,99148,2010-11-01,yunnan
Shílín ( Lùnán ),China,87955,2010-11-01,yunnan
Shípíng,China,93657,2010-11-01,yunnan
Shīzōng,China,107004,2010-11-01,yunnan
Sōngmíng,China,106518,2010-11-01,yunnan
Téngchōng,China,135318,2010-11-01,yunnan
Tōnghăi,China,135923,2010-11-01,yunnan
Wēishān,China,55204,2010-11-01,yunnan
Wēixìn,China,55097,2010-11-01,yunnan
Wénshān,China,229430,2010-11-01,yunnan
Wŭdìng,China,58429,2010-11-01,yunnan
Xiānggélĭlā ( Zhōngdiàn ) [ Shangri-La ],China,66382,2010-11-01,yunnan
Xiángyún,China,154072,2010-11-01,yunnan
Xīnpíng,China,82108,2010-11-01,yunnan
Xuānwēi,China,584076,2010-11-01,yunnan
Xúndiàn,China,98706,2010-11-01,yunnan
Yánjīn,China,64579,2010-11-01,yunnan
Yànshān,China,147701,2010-11-01,yunnan
Yíliáng,China,35652,2010-11-01,yunnan
Yíliáng,China,176843,2010-11-01,yunnan
Yìmén,China,69279,2010-11-01,yunnan
Yíngjiāng,China,94491,2010-11-01,yunnan
Yŏngdé,China,63420,2010-11-01,yunnan
Yŏngshàn,China,68875,2010-11-01,yunnan
Yŏngshèng,China,79938,2010-11-01,yunnan
Yuánjiāng,China,70170,2010-11-01,yunnan
Yuánmóu,China,52498,2010-11-01,yunnan
Yùlóng,China,27747,2010-11-01,yunnan
Yúnxiàn,China,107425,2010-11-01,yunnan
Yùxī,China,306879,2010-11-01,yunnan
Zhāotōng,China,255861,2010-11-01,yunnan
Zhènxióng,China,209210,2010-11-01,yunnan
Ānjí,China,221553,2010-11-01,zhejiang
Cāngnán [ Cangnan ],China,439430,2010-11-01,zhejiang
Chángshān,China,91070,2010-11-01,zhejiang
Chángxīng,China,314372,2010-11-01,zhejiang
Chún'ān,China,110677,2010-11-01,zhejiang
Cíxī [ Cixi ],China,1059942,2010-11-01,zhejiang
Dàishān,China,123391,2010-11-01,zhejiang
Déqīng,China,246022,2010-11-01,zhejiang
Dòngtóu,China,39193,2010-11-01,zhejiang
Dōngyáng,China,455912,2010-11-01,zhejiang
Fènghuà,China,239992,2010-11-01,zhejiang
Hăiníng,China,397690,2010-11-01,zhejiang
Hăiyán,China,204433,2010-11-01,zhejiang
"Hángzhōu ( incl. Xiāoshān, Yúháng, Fùyáng, Lín'ān ) [ Hangchou ]",China,5849537,2010-11-01,zhejiang
Húzhōu [ Huzhou ],China,748471,2010-11-01,zhejiang
Jiàndé,China,183518,2010-11-01,zhejiang
Jiāngshān,China,200341,2010-11-01,zhejiang
Jiāshàn,China,288588,2010-11-01,zhejiang
Jiāxīng [ Jiaxing ],China,762643,2010-11-01,zhejiang
Jīnhuá [ Jinhua ],China,710597,2010-11-01,zhejiang
Jìnyún,China,153793,2010-11-01,zhejiang
Kāihuà,China,93045,2010-11-01,zhejiang
Lánxī,China,208272,2010-11-01,zhejiang
Línhăi,China,503377,2010-11-01,zhejiang
Lìshuĭ,China,293968,2010-11-01,zhejiang
Lónggǎng,China,450286,,zhejiang
Lóngquán,China,117239,2010-11-01,zhejiang
Lóngyóu,China,129689,2010-11-01,zhejiang
Níngbō ( incl. Yínzhōu ) [ Ningbo ],China,2583073,2010-11-01,zhejiang
Nínghăi,China,363121,2010-11-01,zhejiang
Pán'ān,China,69696,2010-11-01,zhejiang
Pínghú,China,346892,2010-11-01,zhejiang
Píngyáng,China,375144,2010-11-01,zhejiang
Pŭjiāng,China,245741,2010-11-01,zhejiang
Qīngtián,China,145077,2010-11-01,zhejiang
Qìngyuán,China,65056,2010-11-01,zhejiang
Qúzhōu,China,422688,2010-11-01,zhejiang
Ruì'ān,China,927383,2010-11-01,zhejiang
Sānmén,China,140032,2010-11-01,zhejiang
"Shàoxīng ( incl. Shàngyú, Shàoxīng )",China,1725726,2010-11-01,zhejiang
Shèngzhōu ( Shèngxiàn ),China,345674,2010-11-01,zhejiang
Sōngyáng,China,66183,2010-11-01,zhejiang
Suìchāng,China,75311,2010-11-01,zhejiang
Tàishùn,China,93659,2010-11-01,zhejiang
Táizhōu [ Taizhou ],China,1189276,2010-11-01,zhejiang
Tiāntái,China,193896,2010-11-01,zhejiang
Tónglú,China,228918,2010-11-01,zhejiang
Tóngxiāng,China,400417,2010-11-01,zhejiang
Wénchéng,China,83892,2010-11-01,zhejiang
Wēnlĭng,China,749013,2010-11-01,zhejiang
Wēnzhōu [ Wenzhou ],China,2686825,2010-11-01,zhejiang
Wŭyì,China,216434,2010-11-01,zhejiang
Xiàngshān,China,276125,2010-11-01,zhejiang
Xiānjū,China,177590,2010-11-01,zhejiang
Xīnchāng,China,199541,2010-11-01,zhejiang
Yìwū [ Yiwu ],China,878903,2010-11-01,zhejiang
Yŏngjiā,China,441744,2010-11-01,zhejiang
Yŏngkāng,China,376246,2010-11-01,zhejiang
Yuèqīng,China,725972,2010-11-01,zhejiang
Yùhuán,China,362135,2010-11-01,zhejiang
Yúnhé,China,64798,2010-11-01,zhejiang
Yúyáo,China,672909,2010-11-01,zhejiang
Zhōushān,China,542190,2010-11-01,zhejiang
Zhūjì,China,606683,2010-11-01,zhejiang
