City,Country,Population,Census Date
Abbeville,USA,18078,4/1/20
Abbeville,USA,4940,4/1/20
Aberdeen,USA,27982,4/1/20
Aberdeen,USA,26603,4/1/20
Abilene,USA,6605,4/1/20
Abilene,USA,118138,4/1/20
Ada,USA,5343,4/1/20
Ada,USA,17264,4/1/20
Adairsville,USA,5799,4/1/20
Adel,USA,7034,4/1/20
Adel,USA,5674,4/1/20
Adrian,USA,29206,4/1/20
Ahoskie,USA,4861,4/1/20
Akron,USA,541879,4/1/20
Alamogordo,USA,30801,4/1/20
Alamosa,USA,10965,4/1/20
Albany,USA,85960,4/1/20
Albany,USA,62074,4/1/20
Albany - Schenectady,USA,593142,4/1/20
Albemarle,USA,16988,4/1/20
Albert Lea,USA,17992,4/1/20
Albertville,USA,38476,4/1/20
Albion,USA,8133,4/1/20
Albion,USA,7216,4/1/20
Albuquerque,USA,769837,4/1/20
Alexander City,USA,8920,4/1/20
Alexandria,USA,6140,4/1/20
Alexandria,USA,78305,4/1/20
Alexandria,USA,18957,4/1/20
Algona,USA,5443,4/1/20
Alice,USA,19413,4/1/20
Allegan,USA,7247,4/1/20
Allendale,USA,25094,4/1/20
Allentown - Bethlehem,USA,621703,4/1/20
Alliance,USA,8119,4/1/20
Alliance,USA,30944,4/1/20
Alma - St. Louis,USA,17417,4/1/20
Alpena,USA,15425,4/1/20
Alpine,USA,13307,4/1/20
Alpine,USA,6283,4/1/20
Altavista,USA,4597,4/1/20
Alton,USA,79260,4/1/20
Altoona,USA,74426,4/1/20
Altus,USA,18870,4/1/20
Alva,USA,5145,4/1/20
Alvarado,USA,5034,4/1/20
Amarillo,USA,205860,4/1/20
Americus,USA,17407,4/1/20
Ames,USA,66342,4/1/20
Amherst Town - Northampton - Easthampton Town,USA,90570,4/1/20
Amory,USA,5977,4/1/20
Amsterdam,USA,21753,4/1/20
Anaconda-Deer Lodge County,USA,6697,4/1/20
Anacortes,USA,18529,4/1/20
Anadarko,USA,5005,4/1/20
Anamosa,USA,5411,4/1/20
Anchorage,USA,249252,4/1/20
Anchorage Northeast,USA,29561,4/1/20
Andalusia,USA,6391,4/1/20
Anderson,USA,79517,4/1/20
Anderson - Clemson,USA,118369,4/1/20
Andrews,USA,15201,4/1/20
Angleton,USA,19866,4/1/20
Angola,USA,12686,4/1/20
Anna,USA,6068,4/1/20
Ann Arbor,USA,317689,4/1/20
Anniston - Oxford,USA,78302,4/1/20
Antigo,USA,8071,4/1/20
Antioch,USA,326205,4/1/20
Appleton,USA,230967,4/1/20
Arab,USA,7849,4/1/20
Aransas Pass - Port Aransas - Ingleside,USA,21868,4/1/20
Arcadia,USA,16128,4/1/20
Arcata,USA,19714,4/1/20
Ardmore,USA,21403,4/1/20
Arizona City,USA,9640,4/1/20
Arkadelphia,USA,10086,4/1/20
Arkansas City,USA,11878,4/1/20
Arlington,USA,14230,4/1/20
Arroyo Grande - Grover Beach - Pismo Beach,USA,50885,4/1/20
Artesia,USA,14149,4/1/20
Arvin,USA,19385,4/1/20
Asbury Lake - Middleburg,USA,23649,4/1/20
Ashburn,USA,4738,4/1/20
Asheboro,USA,37523,4/1/20
Asheville,USA,285776,4/1/20
Ashland,USA,19206,4/1/20
Ashland,USA,4249,4/1/20
Ashland,USA,7225,4/1/20
Ashtabula,USA,27421,4/1/20
Ashville,USA,6670,4/1/20
Aspen,USA,7674,4/1/20
Astoria,USA,15825,4/1/20
Atchison,USA,10907,4/1/20
Athens,USA,23204,4/1/20
Athens,USA,27355,4/1/20
Athens,USA,15724,4/1/20
Athens,USA,12050,4/1/20
Athens ( Clarke County ),USA,143213,4/1/20
Athol,USA,13557,4/1/20
Atlanta,USA,4999259,4/1/20
Atlanta,USA,5531,4/1/20
Atlantic,USA,6608,4/1/20
Atlantic City - Ocean City - Villas,USA,294921,4/1/20
Atmore,USA,6390,4/1/20
Atoka,USA,13056,4/1/20
Aubrey,USA,5116,4/1/20
Auburn,USA,100842,4/1/20
Auburn,USA,20346,4/1/20
Auburn,USA,31433,4/1/20
Auburn,USA,31371,4/1/20
Au Gres,USA,1869,4/1/20
Augusta,USA,9231,4/1/20
Augusta,USA,24005,4/1/20
Augusta ( Richmond County ),USA,431480,4/1/20
Aurora,USA,7466,4/1/20
Austin,USA,25479,4/1/20
Austin,USA,1809888,4/1/20
Avalon,USA,3362,4/1/20
Avenal,USA,13304,4/1/20
Aztec,USA,7301,4/1/20
Bainbridge,USA,13857,4/1/20
Baker City,USA,9768,4/1/20
Bakersfield,USA,570235,4/1/20
Baltimore,USA,2212038,4/1/20
Bandon,USA,4104,4/1/20
Bangor,USA,61539,4/1/20
Baraboo,USA,14201,4/1/20
Barbourville,USA,5998,4/1/20
Bardstown,USA,17682,4/1/20
Barnesville,USA,6825,4/1/20
Barnstable Town,USA,303269,4/1/20
Barre - Montpelier,USA,20014,4/1/20
Barstow,USA,30522,4/1/20
Bartlesville,USA,39479,4/1/20
Bartow,USA,16948,4/1/20
Basalt,USA,8127,4/1/20
Bastrop,USA,12604,4/1/20
Bastrop,USA,19384,4/1/20
Batavia,USA,17472,4/1/20
Batesburg-Leesville,USA,4989,4/1/20
Batesville,USA,10913,4/1/20
Batesville,USA,7941,4/1/20
Batesville,USA,6273,4/1/20
Bath,USA,6335,4/1/20
Baton Rouge,USA,631326,4/1/20
Battle Creek,USA,75513,4/1/20
Battlement Mesa,USA,6311,4/1/20
Baxley,USA,5354,4/1/20
Bayard,USA,4975,4/1/20
Bay City,USA,68472,4/1/20
Bay City,USA,19311,4/1/20
Bay Minette,USA,7685,4/1/20
Bayside Gardens - Manzanita,USA,2849,4/1/20
Bealeton,USA,6608,4/1/20
Beardstown,USA,6262,4/1/20
Beatrice,USA,12142,4/1/20
Beaufort - Port Royal,USA,52515,4/1/20
Beaumont,USA,146649,4/1/20
Beaver Dam,USA,5658,4/1/20
Beaver Dam,USA,18824,4/1/20
Beckley,USA,57468,4/1/20
Bedford,USA,14432,4/1/20
Bedford,USA,4392,4/1/20
Bedford,USA,7541,4/1/20
Beebe,USA,7216,4/1/20
Beeville,USA,14230,4/1/20
Bel Air - Aberdeen,USA,214647,4/1/20
Belding,USA,5611,4/1/20
Belfair,USA,5141,4/1/20
Belfast,USA,3754,4/1/20
Belgrade,USA,18534,4/1/20
Bellefontaine,USA,14024,4/1/20
Bellefonte,USA,15588,4/1/20
Belle Fourche,USA,5089,4/1/20
Belle Glade,USA,23009,4/1/20
Belle Plaine,USA,7061,4/1/20
Bellevue,USA,8400,4/1/20
Bellingham,USA,128979,4/1/20
Bellows Falls,USA,3978,4/1/20
Beloit,USA,63073,4/1/20
Belterra,USA,8075,4/1/20
Belton,USA,5301,4/1/20
Bemidji,USA,14849,4/1/20
Bend,USA,106988,4/1/20
Bennettsville,USA,9075,4/1/20
Bennington,USA,13759,4/1/20
Benson,USA,3830,4/1/20
Benton,USA,7491,4/1/20
Benton,USA,4691,4/1/20
Benton,USA,5591,4/1/20
Benton Harbor - Lincoln - St. Joseph,USA,61888,4/1/20
Berea,USA,16158,4/1/20
Berlin,USA,9658,4/1/20
Berlin,USA,5289,4/1/20
Berryville,USA,5057,4/1/20
Bethel,USA,5097,4/1/20
Beverly Hills - Homosassa Springs - Pine Ridge,USA,96729,4/1/20
Big Bear,USA,16498,4/1/20
Big Lake,USA,11868,4/1/20
Big Pine Key,USA,8441,4/1/20
Big Rapids,USA,10136,4/1/20
Big Spring,USA,28955,4/1/20
Big Stone Gap,USA,6915,4/1/20
Billings,USA,128787,4/1/20
Binghamton,USA,155942,4/1/20
Birch Bay,USA,15833,4/1/20
Birdsboro - Amity,USA,16999,4/1/20
Birmingham,USA,774956,4/1/20
Bisbee,USA,4637,4/1/20
Bishop,USA,11013,4/1/20
Bismarck,USA,98198,4/1/20
Blackfoot,USA,14231,4/1/20
Black River Falls,USA,4415,4/1/20
Blacksburg - Christiansburg,USA,72400,4/1/20
Blackwell,USA,6017,4/1/20
Blair,USA,8001,4/1/20
Blairsville,USA,6156,4/1/20
Bloomfield,USA,7841,4/1/20
Bloomington,USA,110103,4/1/20
Bloomington - Normal,USA,134100,4/1/20
Bloomsburg - Berwick,USA,39212,4/1/20
Blowing Rock,USA,1412,4/1/20
Bluefield,USA,40750,4/1/20
Bluffton,USA,10346,4/1/20
Bluffton East - Hilton Head Island,USA,71824,4/1/20
Bluffton West ( Sun City Hilton Head ),USA,31096,4/1/20
Blythe,USA,11780,4/1/20
Blytheville,USA,15873,4/1/20
Boerne,USA,18320,4/1/20
Bogalusa,USA,11019,4/1/20
Boise City,USA,433180,4/1/20
Bolivar,USA,10324,4/1/20
Bolivar,USA,5281,4/1/20
Bonham,USA,7799,4/1/20
Bonita Springs - Estero,USA,425675,4/1/20
Bonne Terre,USA,6696,4/1/20
Boone,USA,12357,4/1/20
Boone,USA,26306,4/1/20
Booneville,USA,6438,4/1/20
Boonville,USA,6507,4/1/20
Boonville,USA,8034,4/1/20
Boothbay Harbor,USA,3067,4/1/20
Borger,USA,12848,4/1/20
Boston,USA,4382009,4/1/20
Boulder,USA,120828,4/1/20
Boulder City,USA,14181,4/1/20
Bowie,USA,5419,4/1/20
Bowling Green,USA,97814,4/1/20
Bowling Green,USA,30989,4/1/20
Box Elder,USA,11386,4/1/20
Boyne City,USA,3990,4/1/20
Bozeman,USA,59080,4/1/20
Bradenton - Sarasota - Venice,USA,779075,4/1/20
Bradford,USA,11182,4/1/20
Brady,USA,4887,4/1/20
Brainerd,USA,20687,4/1/20
Brandon,USA,10959,4/1/20
Branson,USA,28640,4/1/20
Brattleboro,USA,10285,4/1/20
Brawley,USA,26270,4/1/20
Brazil,USA,10587,4/1/20
Breaux Bridge,USA,17542,4/1/20
Breckenridge,USA,8725,4/1/20
Breckenridge,USA,5455,4/1/20
Breese,USA,4637,4/1/20
Bremen,USA,7327,4/1/20
Bremerton,USA,224449,4/1/20
Brenham,USA,17395,4/1/20
Brevard,USA,13059,4/1/20
Brewton,USA,6371,4/1/20
Bridgeport - Stamford,USA,916408,4/1/20
Bridgeton,USA,35666,4/1/20
Brigham City,USA,25827,4/1/20
Bristol,USA,70638,4/1/20
Broadway - Timberville,USA,7188,4/1/20
Brockport,USA,13079,4/1/20
Brookfield,USA,3869,4/1/20
Brookhaven,USA,10152,4/1/20
Brookings,USA,11294,4/1/20
Brookings,USA,23674,4/1/20
Brooksville,USA,12128,4/1/20
Brookville,USA,6372,4/1/20
Brookville,USA,4644,4/1/20
Brownfield,USA,8264,4/1/20
Browns Mills,USA,27234,4/1/20
Brownsville,USA,9621,4/1/20
Brownsville,USA,216444,4/1/20
Brownwood,USA,21562,4/1/20
Brunswick,USA,31361,4/1/20
Brunswick,USA,8269,4/1/20
Brunswick - St. Simons,USA,68750,4/1/20
Brush,USA,5568,4/1/20
Bryan,USA,9238,4/1/20
Buchanan,USA,5640,4/1/20
Buckeye,USA,23897,4/1/20
Buckeye North,USA,6796,4/1/20
Buckhannon,USA,8547,4/1/20
Bucyrus,USA,11772,4/1/20
Buellton,USA,5161,4/1/20
Buena Vista,USA,5038,4/1/20
Buena Vista,USA,6603,4/1/20
Buffalo,USA,16439,4/1/20
Buffalo,USA,948864,4/1/20
Buffalo,USA,4516,4/1/20
Buies Creek - Lillington,USA,7391,4/1/20
Bullhead City,USA,54396,4/1/20
Burkburnett,USA,10449,4/1/20
Burley,USA,17741,4/1/20
Burlington,USA,28447,4/1/20
Burlington,USA,145311,4/1/20
Burlington,USA,118032,4/1/20
Burlington,USA,24086,4/1/20
Burnet,USA,5001,4/1/20
Burns,USA,4169,4/1/20
Burnt Store Marina,USA,4191,4/1/20
Bushnell,USA,3664,4/1/20
Butler,USA,37954,4/1/20
Butte-Silver Bow,USA,30258,4/1/20
Byron,USA,5625,4/1/20
Byron,USA,6341,4/1/20
Cadillac,USA,12208,4/1/20
Cairo,USA,10346,4/1/20
Calexico,USA,38491,4/1/20
Calhoun,USA,23066,4/1/20
California - Brownsville,USA,10185,4/1/20
Calistoga,USA,5173,4/1/20
Calumet ( - Laurium ),USA,5112,4/1/20
Camarillo,USA,76338,4/1/20
Cambria,USA,5478,4/1/20
Cambridge,USA,14978,4/1/20
Cambridge,USA,10128,4/1/20
Cambridge,USA,14427,4/1/20
Camden,USA,9873,4/1/20
Camden,USA,4660,4/1/20
Camden - Lugoff,USA,30655,4/1/20
Camdenton,USA,5849,4/1/20
Cameron,USA,8450,4/1/20
Cameron,USA,5151,4/1/20
Camilla,USA,5270,4/1/20
Campbellsville,USA,12789,4/1/20
Camp Verde,USA,5759,4/1/20
Canajoharie - Fort Plain,USA,5278,4/1/20
Canandaigua,USA,18049,4/1/20
Canastota,USA,5616,4/1/20
Canby,USA,19055,4/1/20
Cañon City,USA,24737,4/1/20
Canton,USA,13177,4/1/20
Canton,USA,26257,4/1/20
Canton,USA,6812,4/1/20
Canton,USA,8812,4/1/20
Canton,USA,295319,4/1/20
Canyon,USA,16171,4/1/20
Canyon Lake,USA,7918,4/1/20
Cape Coral,USA,599242,4/1/20
Cape Girardeau,USA,55546,4/1/20
Carbondale,USA,7361,4/1/20
Carbondale ( incl. Murphysboro ),USA,31488,4/1/20
Carlinville,USA,5602,4/1/20
Carlsbad,USA,34442,4/1/20
Carmi,USA,5067,4/1/20
Caro,USA,5383,4/1/20
Carrizo Springs,USA,5615,4/1/20
Carroll,USA,10150,4/1/20
Carrollton,USA,38385,4/1/20
Carrollton,USA,5471,4/1/20
Carson City,USA,61629,4/1/20
Cartersville,USA,52351,4/1/20
Carthage,USA,16260,4/1/20
Carthage,USA,5160,4/1/20
Carthage,USA,6328,4/1/20
Caruthersville,USA,5319,4/1/20
Casa Grande,USA,50981,4/1/20
Casper,USA,67751,4/1/20
Castle Rock,USA,85350,4/1/20
Castroville - Prunedale,USA,12334,4/1/20
Catskill,USA,7012,4/1/20
Cedar City,USA,40899,4/1/20
Cedar Rapids,USA,192844,4/1/20
Cedartown,USA,12833,4/1/20
Celina,USA,12035,4/1/20
Center,USA,5123,4/1/20
Centerville,USA,5269,4/1/20
Central City,USA,5767,4/1/20
Centralia,USA,15301,4/1/20
Centralia,USA,42338,4/1/20
Chadron,USA,4930,4/1/20
Chambersburg,USA,50094,4/1/20
Champaign,USA,147452,4/1/20
Chanute,USA,8710,4/1/20
Chapin,USA,5701,4/1/20
Chardon,USA,6454,4/1/20
Charles City,USA,7255,4/1/20
Charleston,USA,17415,4/1/20
Charleston,USA,140958,4/1/20
Charleston,USA,684773,4/1/20
Charlestown,USA,6696,4/1/20
Charlestown,USA,4348,4/1/20
Charlevoix,USA,3777,4/1/20
Charlotte,USA,13026,4/1/20
Charlotte,USA,1379873,4/1/20
Charlottesville,USA,104191,4/1/20
Chatsworth,USA,12808,4/1/20
Chattanooga,USA,398569,4/1/20
Cheboygan,USA,5142,4/1/20
Chelan,USA,6380,4/1/20
Chelsea,USA,5851,4/1/20
Cheney,USA,13176,4/1/20
Cheraw,USA,7480,4/1/20
Cherokee,USA,4705,4/1/20
Cherryville,USA,6747,4/1/20
Chesapeake Beach,USA,16926,4/1/20
Chester,USA,6338,4/1/20
Chester,USA,5900,4/1/20
Chester,USA,8611,4/1/20
Chestertown,USA,7392,4/1/20
Cheyenne,USA,79250,4/1/20
Chicago,USA,8671746,4/1/20
Chickasha,USA,15253,4/1/20
Chico,USA,111411,4/1/20
Childress,USA,4516,4/1/20
Chillicothe,USA,9122,4/1/20
Chillicothe,USA,31727,4/1/20
Chincoteague,USA,3223,4/1/20
Chino Valley,USA,13317,4/1/20
Chisholm,USA,4586,4/1/20
Chittenango,USA,5054,4/1/20
Chowchilla,USA,13196,4/1/20
Cienega Springs,USA,2041,4/1/20
Cincinnati,USA,1686744,4/1/20
Circleville,USA,15679,4/1/20
Clanton,USA,6423,4/1/20
Claremont,USA,9415,4/1/20
Claremore,USA,25415,4/1/20
Clarinda,USA,5213,4/1/20
Clarion,USA,5662,4/1/20
Clarksburg,USA,32882,4/1/20
Clarksdale,USA,14408,4/1/20
Clarksville,USA,7816,4/1/20
Clarksville,USA,200947,4/1/20
Clay Center,USA,4131,4/1/20
Clayton,USA,2092,4/1/20
Clayton ( - Archer Lodge ),USA,51898,4/1/20
Clearfield,USA,10524,4/1/20
Clearlake,USA,17351,4/1/20
Clear Lake,USA,8406,4/1/20
Clearlake Riviera,USA,5461,4/1/20
Cleburne,USA,43901,4/1/20
Cle Elum,USA,3846,4/1/20
Cleveland,USA,14346,4/1/20
Cleveland,USA,1712178,4/1/20
Cleveland,USA,73918,4/1/20
Cleveland,USA,7469,4/1/20
Clewiston,USA,12849,4/1/20
Clifton Forge,USA,5127,4/1/20
Clifton Springs,USA,6383,4/1/20
Clinton,USA,7323,4/1/20
Clinton,USA,6484,4/1/20
Clinton,USA,8866,4/1/20
Clinton,USA,16136,4/1/20
Clinton,USA,9315,4/1/20
Clinton,USA,8022,4/1/20
Clinton,USA,9143,4/1/20
Clinton - Fulton,USA,31126,4/1/20
Clintonville,USA,4530,4/1/20
Cloquet,USA,13213,4/1/20
Clover,USA,7526,4/1/20
Cloverdale,USA,9451,4/1/20
Clovis,USA,39314,4/1/20
Clyde,USA,6549,4/1/20
Coal City - Braidwood,USA,15837,4/1/20
Coalinga,USA,13049,4/1/20
Cobleskill,USA,5040,4/1/20
Cochran,USA,6159,4/1/20
Cody,USA,9999,4/1/20
Coeur d'Alene,USA,121831,4/1/20
Coffeyville,USA,9391,4/1/20
Colby,USA,5467,4/1/20
Colchester,USA,5512,4/1/20
Cold Spring,USA,5099,4/1/20
Cold Springs,USA,9686,4/1/20
Coldwater,USA,13721,4/1/20
Coleman,USA,3599,4/1/20
College Station - Bryan,USA,206137,4/1/20
Collins ( Gowanda ),USA,5448,4/1/20
Collinsville,USA,4706,4/1/20
Colonial Beach,USA,3975,4/1/20
Colorado City,USA,5839,4/1/20
Colorado Springs,USA,632494,4/1/20
Columbia,USA,5018,4/1/20
Columbia,USA,6236,4/1/20
Columbia,USA,141831,4/1/20
Columbia,USA,590407,4/1/20
Columbia ( incl. Mount Pleasant ),USA,42423,4/1/20
Columbia City,USA,10256,4/1/20
Columbia Falls,USA,6589,4/1/20
Columbiana,USA,9160,4/1/20
Columbus,USA,267746,4/1/20
Columbus,USA,60982,4/1/20
Columbus,USA,26895,4/1/20
Columbus,USA,24838,4/1/20
Columbus,USA,1567254,4/1/20
Columbus,USA,6977,4/1/20
Colusa,USA,6955,4/1/20
Colville,USA,5058,4/1/20
Commerce,USA,7688,4/1/20
Commerce,USA,8320,4/1/20
Concord,USA,42549,4/1/20
Concord,USA,278612,4/1/20
Concordia,USA,5031,4/1/20
Concord - Walnut Creek,USA,538583,4/1/20
Conesus Lake,USA,4867,4/1/20
Conneaut,USA,12072,4/1/20
Conneaut Lakeshore,USA,2846,4/1/20
Connell,USA,5437,4/1/20
Connellsville,USA,30777,4/1/20
Connersville,USA,14401,4/1/20
Conway,USA,66619,4/1/20
Conway,USA,5272,4/1/20
Cookeville,USA,49089,4/1/20
Coolbaugh - Pocono Pines ( Mount Pocono ),USA,24893,4/1/20
Coolidge,USA,12008,4/1/20
Coos Bay,USA,31688,4/1/20
Coquille,USA,4373,4/1/20
Corcoran,USA,22377,4/1/20
Cordele,USA,10931,4/1/20
Corinth,USA,12464,4/1/20
Corinth,USA,3870,4/1/20
Cornelia - Baldwin,USA,19489,4/1/20
Corning,USA,8459,4/1/20
Corning,USA,19541,4/1/20
Corona de Tucson,USA,7866,4/1/20
Corpus Christi,USA,339066,4/1/20
Corry,USA,6224,4/1/20
Corsicana,USA,24380,4/1/20
Cortez,USA,8628,4/1/20
Cortland,USA,24866,4/1/20
Corvallis,USA,66791,4/1/20
Corydon,USA,5696,4/1/20
Coshocton,USA,12334,4/1/20
Cottage Grove,USA,11826,4/1/20
Cottonwood - Verde Village,USA,29121,4/1/20
Covington,USA,7320,4/1/20
Covington,USA,7745,4/1/20
Coxsackie,USA,5384,4/1/20
Craig,USA,9650,4/1/20
Crawfordsville,USA,17863,4/1/20
Crawfordville,USA,10124,4/1/20
Creedmoor,USA,7482,4/1/20
Crescent City,USA,15620,4/1/20
Cresson,USA,6512,4/1/20
Crestline,USA,4597,4/1/20
Crestline - Lake Arrowhead,USA,22272,4/1/20
Creston,USA,7507,4/1/20
Crestview,USA,46816,4/1/20
Creswell,USA,6137,4/1/20
Crete,USA,6959,4/1/20
Crisfield,USA,3509,4/1/20
Crockett,USA,5935,4/1/20
Crookston,USA,7618,4/1/20
Crossett,USA,7184,4/1/20
Crossville,USA,19949,4/1/20
Crowley,USA,13168,4/1/20
Crozet,USA,9378,4/1/20
Crystal City,USA,6709,4/1/20
Crystal River,USA,7834,4/1/20
Crystal Springs,USA,5057,4/1/20
Cuero,USA,7619,4/1/20
Cullman,USA,21165,4/1/20
Cullowhee,USA,9134,4/1/20
Culpeper,USA,22563,4/1/20
Cumberland,USA,46296,4/1/20
Cushing,USA,6595,4/1/20
Cynthiana,USA,6393,4/1/20
Dade City,USA,20304,4/1/20
Dahlonega,USA,6508,4/1/20
Dalhart,USA,8352,4/1/20
Dallas,USA,17625,4/1/20
Dallas - Fort Worth - Arlington,USA,5732354,4/1/20
Dalton,USA,67830,4/1/20
Danbury,USA,171680,4/1/20
Dansville,USA,4806,4/1/20
Danville,USA,40044,4/1/20
Danville,USA,19814,4/1/20
Danville,USA,46683,4/1/20
Danville - Mahoning,USA,9771,4/1/20
Davenport,USA,285211,4/1/20
Davis,USA,77034,4/1/20
Dayton,USA,674046,4/1/20
Dayton,USA,9688,4/1/20
Dayton,USA,6879,4/1/20
Daytona Beach - Palm Coast - Port Orange,USA,402126,4/1/20
Dayton Northeast,USA,6248,4/1/20
Dayton Southwest,USA,7547,4/1/20
Decatur,USA,60458,4/1/20
Decatur,USA,86287,4/1/20
Decatur,USA,10441,4/1/20
Decatur,USA,6486,4/1/20
Decorah,USA,7993,4/1/20
Defiance,USA,17775,4/1/20
DeFuniak Springs,USA,6977,4/1/20
DeKalb,USA,64736,4/1/20
Delano,USA,44410,4/1/20
Delano,USA,6178,4/1/20
Delavan,USA,12354,4/1/20
Delhi,USA,10274,4/1/20
Delphos,USA,7266,4/1/20
Del Rio,USA,42680,4/1/20
Delta,USA,8190,4/1/20
Deltona,USA,210712,4/1/20
Deming,USA,14913,4/1/20
Demopolis,USA,6227,4/1/20
Denison,USA,8142,4/1/20
Denton,USA,5009,4/1/20
Denton - Lewisville,USA,429461,4/1/20
Denton Southwest,USA,14105,4/1/20
Denver - Aurora,USA,2686147,4/1/20
De Queen,USA,5894,4/1/20
DeRidder,USA,12126,4/1/20
Desert Hot Springs,USA,45767,4/1/20
Des Moines,USA,542486,4/1/20
De Soto,USA,7649,4/1/20
Detroit,USA,3776890,4/1/20
Detroit Lakes,USA,10234,4/1/20
Devils Lake,USA,7493,4/1/20
DeWitt,USA,5162,4/1/20
Dexter,USA,5285,4/1/20
Dexter,USA,9635,4/1/20
Diamondhead,USA,9044,4/1/20
Dickinson,USA,25674,4/1/20
Dickson,USA,16543,4/1/20
Dillon,USA,4429,4/1/20
Dillon,USA,8484,4/1/20
Discovery Bay,USA,15939,4/1/20
Dixon,USA,18876,4/1/20
Dixon,USA,15987,4/1/20
Dodge City,USA,27702,4/1/20
Dodgeville,USA,4898,4/1/20
Donaldsonville,USA,12461,4/1/20
Dos Palos,USA,7721,4/1/20
Dothan,USA,72423,4/1/20
Douglas,USA,16582,4/1/20
Douglas,USA,14258,4/1/20
Douglas,USA,3259,4/1/20
Douglas,USA,6498,4/1/20
Dover,USA,123101,4/1/20
Dover - Rochester,USA,72391,4/1/20
Dowagiac,USA,5896,4/1/20
Dublin,USA,20842,4/1/20
DuBois,USA,11656,4/1/20
Dubuque,USA,70332,4/1/20
Duluth,USA,119411,4/1/20
Dumas,USA,4308,4/1/20
Dumas,USA,14639,4/1/20
Duncan,USA,20353,4/1/20
Dundee,USA,5252,4/1/20
Dunkirk - Fredonia,USA,23410,4/1/20
Dunn,USA,13707,4/1/20
Du Quoin,USA,5933,4/1/20
Durand,USA,5056,4/1/20
Durango,USA,19114,4/1/20
Durant,USA,19324,4/1/20
Durham,USA,12117,4/1/20
Durham,USA,396118,4/1/20
Duvall,USA,8165,4/1/20
Dyersburg,USA,16790,4/1/20
Eagle,USA,7419,4/1/20
Eagle Mountain,USA,10269,4/1/20
Eagle Pass,USA,54083,4/1/20
Earlimart,USA,7470,4/1/20
East Aurora,USA,8765,4/1/20
East Hampton North - Springs - Northwest Harbor,USA,21812,4/1/20
East Liverpool,USA,21126,4/1/20
Eastman,USA,6220,4/1/20
Easton,USA,18033,4/1/20
East Palestine,USA,4634,4/1/20
East Stroudsburg - Stroudsburg,USA,47891,4/1/20
East Tawas,USA,4844,4/1/20
East Troy,USA,5309,4/1/20
Eaton,USA,5823,4/1/20
Eaton,USA,8067,4/1/20
Eaton Rapids,USA,5076,4/1/20
Eau Claire,USA,105475,4/1/20
Ebensburg,USA,4880,4/1/20
Eden,USA,16323,4/1/20
Edenton,USA,4329,4/1/20
Edgerton,USA,8360,4/1/20
Edinboro,USA,5730,4/1/20
Edna,USA,5910,4/1/20
Edwards - Avon,USA,16518,4/1/20
Effingham,USA,13990,4/1/20
Elberton,USA,5700,4/1/20
Elburn,USA,6395,4/1/20
El Campo,USA,13286,4/1/20
El Centro,USA,74376,4/1/20
Eldersburg,USA,30486,4/1/20
Eldon,USA,4513,4/1/20
El Dorado,USA,18698,4/1/20
El Dorado,USA,12774,4/1/20
Elgin,USA,10779,4/1/20
Elizabeth City,USA,22834,4/1/20
Elizabethtown - Radcliff,USA,76441,4/1/20
Elk City,USA,11124,4/1/20
Elkhart,USA,148199,4/1/20
Elkhorn,USA,11876,4/1/20
Elkins,USA,11109,4/1/20
Elko,USA,21695,4/1/20
Elkton,USA,5032,4/1/20
Ellensburg,USA,21518,4/1/20
Ellenville,USA,7090,4/1/20
Ellijay,USA,6738,4/1/20
Ellwood City,USA,13155,4/1/20
Elmira,USA,62468,4/1/20
El Paso,USA,854584,4/1/20
El Paso de Robles - Atascadero ( Paso Robles ),USA,67804,4/1/20
El Reno,USA,14346,4/1/20
Elsa,USA,12984,4/1/20
Elwood,USA,9199,4/1/20
Ely,USA,4455,4/1/20
Emmett,USA,10173,4/1/20
Emporia,USA,24082,4/1/20
Emporia,USA,6871,4/1/20
Enid,USA,50194,4/1/20
Ennis,USA,19763,4/1/20
Enterprise,USA,31258,4/1/20
Ephraim,USA,5049,4/1/20
Ephrata,USA,8050,4/1/20
Erie,USA,187820,4/1/20
Erwin,USA,8678,4/1/20
Escalon,USA,7480,4/1/20
Escanaba,USA,21159,4/1/20
Española,USA,23931,4/1/20
Estacada,USA,5267,4/1/20
Estes Park,USA,7907,4/1/20
Estherville,USA,5774,4/1/20
Etowah,USA,4513,4/1/20
Eudora,USA,6400,4/1/20
Eufaula,USA,9184,4/1/20
Eugene,USA,270179,4/1/20
Eunice,USA,10510,4/1/20
Eureka,USA,45951,4/1/20
Eureka,USA,5401,4/1/20
Eureka,USA,14027,4/1/20
Evanston,USA,11416,4/1/20
Evansville,USA,206855,4/1/20
Evansville,USA,6321,4/1/20
Evergreen,USA,10218,4/1/20
Excelsior Springs,USA,9840,4/1/20
Exeter,USA,10973,4/1/20
Exeter,USA,16165,4/1/20
Fabens,USA,7094,4/1/20
Fairbanks ( incl. Eielson AFB ),USA,71396,4/1/20
Fairbury,USA,4011,4/1/20
Fairfield,USA,150122,4/1/20
Fairfield,USA,4766,4/1/20
Fairfield,USA,9211,4/1/20
Fairfield Glade,USA,8212,4/1/20
Fairhope - Daphne,USA,76807,4/1/20
Fairmont,USA,8387,4/1/20
Fairmont,USA,31694,4/1/20
Falcon,USA,21348,4/1/20
Falfurrias,USA,4497,4/1/20
Fallbrook,USA,41305,4/1/20
Fallon,USA,16753,4/1/20
Falls City,USA,4133,4/1/20
Fargo,USA,216214,4/1/20
Faribault,USA,24013,4/1/20
Farmington,USA,32804,4/1/20
Farmington,USA,51763,4/1/20
Farmville,USA,4380,4/1/20
Farmville,USA,7916,4/1/20
Fayetteville,USA,325008,4/1/20
Fayetteville,USA,10120,4/1/20
Fayetteville - Springdale - Rogers,USA,373687,4/1/20
Fenton,USA,38156,4/1/20
Fergus Falls,USA,13116,4/1/20
Fernandina Beach - Yulee,USA,50805,4/1/20
Fernley,USA,19233,4/1/20
Ferriday,USA,5169,4/1/20
Fillmore,USA,16397,4/1/20
Findlay,USA,48144,4/1/20
Firebaugh,USA,8117,4/1/20
Fire Island,USA,998,4/1/20
Firestone - Frederick,USA,35447,4/1/20
Fitzgerald,USA,11281,4/1/20
Flagstaff,USA,79842,4/1/20
Flemington - Raritan,USA,24401,4/1/20
Flint,USA,298964,4/1/20
Flora,USA,4793,4/1/20
Florence,USA,78925,4/1/20
Florence,USA,11477,4/1/20
Florence,USA,89436,4/1/20
Florence East,USA,14049,4/1/20
Florence West,USA,11636,4/1/20
Floresville,USA,6313,4/1/20
Foley - Gulf Shores,USA,40920,4/1/20
Fond du Lac,USA,54731,4/1/20
Fontana-on-Geneva Lake ( - Walworth ),USA,10466,4/1/20
Forest City - Spindale,USA,20760,4/1/20
Forest Lake,USA,21882,4/1/20
Forney,USA,41112,4/1/20
Forrest City,USA,8557,4/1/20
Forsyth,USA,4852,4/1/20
Forsyth,USA,7423,4/1/20
Fort Atkinson,USA,13852,4/1/20
Fort Bragg,USA,10668,4/1/20
Fort Collins,USA,326332,4/1/20
Fort Dodge,USA,24699,4/1/20
Fort Irwin,USA,8096,4/1/20
Fort Leonard Wood - St. Robert - Waynesville,USA,31672,4/1/20
Fort Lupton,USA,7856,4/1/20
Fort Madison,USA,10278,4/1/20
Fort Meade,USA,4874,4/1/20
Fort Morgan,USA,13473,4/1/20
Fort Payne,USA,8380,4/1/20
Fort Polk South,USA,9983,4/1/20
Fort Rucker - Daleville,USA,7157,4/1/20
Fort Scott,USA,7439,4/1/20
Fort Smith,USA,125811,4/1/20
Fort Stockton,USA,8551,4/1/20
Fortuna,USA,12784,4/1/20
Fort Valley,USA,9704,4/1/20
Fort Wayne,USA,335934,4/1/20
Fostoria,USA,14295,4/1/20
Four Corners,USA,92396,4/1/20
Frankenmuth,USA,5045,4/1/20
Frankfort,USA,16775,4/1/20
Frankfort,USA,37844,4/1/20
Frankfort,USA,2603,4/1/20
Franklin,USA,11597,4/1/20
Franklin,USA,9491,4/1/20
Franklin,USA,6659,4/1/20
Franklin,USA,9358,4/1/20
Franklin,USA,8500,4/1/20
Franklin,USA,8749,4/1/20
Fraser,USA,3178,4/1/20
Frederick,USA,176456,4/1/20
Fredericksburg,USA,11641,4/1/20
Fredericksburg,USA,167679,4/1/20
Fredericktown,USA,4986,4/1/20
Freeland,USA,7412,4/1/20
Freeland,USA,5754,4/1/20
Freeland,USA,7907,4/1/20
Freeport,USA,24135,4/1/20
Fremont,USA,5165,4/1/20
Fremont,USA,28292,4/1/20
Fremont,USA,22175,4/1/20
Fresno,USA,717589,4/1/20
Friday Harbor,USA,3542,4/1/20
Frisco,USA,3463,4/1/20
Front Royal,USA,16193,4/1/20
Frostproof,USA,8092,4/1/20
Fulton,USA,4256,4/1/20
Fulton,USA,12479,4/1/20
Fulton,USA,12788,4/1/20
Gadsden,USA,57975,4/1/20
Gaffney,USA,19042,4/1/20
Gainesville,USA,213748,4/1/20
Gainesville,USA,265218,4/1/20
Gainesville,USA,16544,4/1/20
Galax,USA,6767,4/1/20
Galesburg,USA,33847,4/1/20
Galion,USA,11364,4/1/20
Galliano - Larose - Cut Off,USA,20056,4/1/20
Gallup,USA,24448,4/1/20
Galt,USA,26618,4/1/20
Galveston - Texas City,USA,191863,4/1/20
Garden City,USA,30976,4/1/20
Gardnerville,USA,21338,4/1/20
Gastonia,USA,176897,4/1/20
Gatesville,USA,15565,4/1/20
Gaylord - Bagley,USA,8476,4/1/20
Geneseo,USA,6435,4/1/20
Geneseo,USA,8025,4/1/20
Geneva,USA,29572,4/1/20
Geneva,USA,7355,4/1/20
Genoa,USA,5484,4/1/20
Georgetown,USA,9921,4/1/20
Georgetown,USA,38912,4/1/20
Georgetown,USA,11364,4/1/20
Germantown,USA,5577,4/1/20
Gettysburg - Cumberland ( - Bonneauville ),USA,14733,4/1/20
Gillespie,USA,5037,4/1/20
Gillette,USA,34422,4/1/20
Gilmer,USA,5084,4/1/20
Gilroy - Morgan Hill,USA,114833,4/1/20
Glasgow,USA,14849,4/1/20
Glencoe,USA,5738,4/1/20
Glendive,USA,6675,4/1/20
Glens Falls,USA,71191,4/1/20
Glenwood,USA,5009,4/1/20
Glenwood,USA,4202,4/1/20
Glenwood Springs,USA,10889,4/1/20
Globe,USA,12620,4/1/20
Gloversville,USA,26286,4/1/20
Gold Canyon,USA,9590,4/1/20
Goldsboro,USA,54456,4/1/20
Gonzales,USA,8682,4/1/20
Gonzales,USA,6953,4/1/20
Goodland,USA,4439,4/1/20
Goodyear South ( Estrella ),USA,16042,4/1/20
Governors Club,USA,4967,4/1/20
Grafton,USA,4824,4/1/20
Grafton - Port Washington - Cedarburg,USA,44086,4/1/20
Graham,USA,8585,4/1/20
Granbury,USA,29706,4/1/20
Grand Forks,USA,68160,4/1/20
Grand Island,USA,55099,4/1/20
Grand Junction,USA,135973,4/1/20
Grand Lake,USA,1801,4/1/20
Grand Rapids,USA,605666,4/1/20
Grand Rapids,USA,10348,4/1/20
Grandview,USA,11187,4/1/20
Granite Falls,USA,6349,4/1/20
Grants,USA,9972,4/1/20
Grants Pass,USA,55724,4/1/20
Grantsville,USA,9598,4/1/20
Grass Valley,USA,36720,4/1/20
Grayson,USA,5418,4/1/20
Great Bend,USA,14766,4/1/20
Great Falls,USA,67097,4/1/20
Greeley,USA,137222,4/1/20
Green Bay,USA,224156,4/1/20
Greencastle,USA,10190,4/1/20
Greendale - Lawrenceburg - Hidden Valley,USA,20087,4/1/20
Greeneville,USA,22919,4/1/20
Greenfield,USA,18858,4/1/20
Greenfield,USA,22294,4/1/20
Greenfield,USA,4771,4/1/20
Green River,USA,11873,4/1/20
Greensboro,USA,338928,4/1/20
Greensburg,USA,12529,4/1/20
Green Valley,USA,37315,4/1/20
Greenville,USA,5823,4/1/20
Greenville,USA,6765,4/1/20
Greenville,USA,5516,4/1/20
Greenville,USA,10265,4/1/20
Greenville,USA,29267,4/1/20
Greenville,USA,120150,4/1/20
Greenville,USA,12983,4/1/20
Greenville,USA,10553,4/1/20
Greenville,USA,387271,4/1/20
Greenville,USA,27054,4/1/20
Greenwood,USA,9077,4/1/20
Greenwood,USA,19475,4/1/20
Greenwood,USA,41998,4/1/20
Grenada,USA,10276,4/1/20
Gridley,USA,8653,4/1/20
Griffin,USA,38311,4/1/20
Grinnell,USA,9486,4/1/20
Grissom AFB,USA,6856,4/1/20
Grove,USA,7934,4/1/20
Grove City,USA,9830,4/1/20
Guadalupe,USA,8046,4/1/20
Gulfport - Biloxi,USA,236344,4/1/20
Gun Barrel City,USA,18309,4/1/20
Gunnison,USA,7228,4/1/20
Gustine,USA,6128,4/1/20
Guthrie,USA,9312,4/1/20
Guymon,USA,12516,4/1/20
Gypsum,USA,8841,4/1/20
Hagerstown,USA,197557,4/1/20
Hailey,USA,12035,4/1/20
Half Moon Bay,USA,21688,4/1/20
Hamburg - Vernon - Highland Lakes ( - Franklin ),USA,28250,4/1/20
Hamilton,USA,6870,4/1/20
Hammond,USA,72526,4/1/20
Hammonton,USA,12086,4/1/20
Hampshire,USA,5699,4/1/20
Hampstead,USA,23340,4/1/20
Hampstead - Manchester,USA,14542,4/1/20
Hanford,USA,66638,4/1/20
Hannibal,USA,17672,4/1/20
Hanover,USA,56712,4/1/20
Harlan,USA,4713,4/1/20
Harlan,USA,6147,4/1/20
Harlingen,USA,118838,4/1/20
Harriman - Kingston - Rockwood,USA,22348,4/1/20
Harrington,USA,4943,4/1/20
Harrisburg,USA,8283,4/1/20
Harrisburg,USA,490859,4/1/20
Harrisburg,USA,6663,4/1/20
Harrison,USA,13950,4/1/20
Harrison,USA,15007,4/1/20
Harrisonburg,USA,73377,4/1/20
Harrisonville,USA,9423,4/1/20
Harrodsburg,USA,9791,4/1/20
Hartford,USA,977158,4/1/20
Hartford,USA,23757,4/1/20
Hartford City,USA,6135,4/1/20
Hartselle,USA,15596,4/1/20
Hartsville,USA,13946,4/1/20
Hartwell,USA,5963,4/1/20
Harvard,USA,9376,4/1/20
Hastings,USA,8041,4/1/20
Hastings,USA,21635,4/1/20
Hastings,USA,24807,4/1/20
Hattiesburg,USA,80821,4/1/20
Havelock,USA,17101,4/1/20
Havre,USA,9826,4/1/20
Hayes ( Harrison ),USA,3796,4/1/20
Hays,USA,21880,4/1/20
Hazard,USA,7808,4/1/20
Hazlehurst,USA,4917,4/1/20
Hazleton,USA,50860,4/1/20
Heartland,USA,9841,4/1/20
Heber,USA,25059,4/1/20
Heber-Overgaard,USA,3573,4/1/20
Heber Springs,USA,6743,4/1/20
Helena,USA,52380,4/1/20
Helena-West Helena,USA,8599,4/1/20
Hemet,USA,173194,4/1/20
Hempstead,USA,4890,4/1/20
Henderson,USA,28430,4/1/20
Henderson,USA,19894,4/1/20
Henderson,USA,5906,4/1/20
Henderson,USA,14924,4/1/20
Henryetta,USA,6207,4/1/20
Hereford,USA,15520,4/1/20
Hermiston,USA,28938,4/1/20
Hibbing,USA,12035,4/1/20
Hickory,USA,201511,4/1/20
Hidden Meadows,USA,4884,4/1/20
Higgins Lake,USA,2145,4/1/20
Higginsville,USA,4551,4/1/20
Highland,USA,10267,4/1/20
High Point,USA,167830,4/1/20
Hillsboro,USA,6880,4/1/20
Hillsboro,USA,6613,4/1/20
Hillsboro,USA,8068,4/1/20
Hillsborough,USA,15800,4/1/20
Hillsdale,USA,10642,4/1/20
Hilo,USA,41410,4/1/20
Hilton,USA,8057,4/1/20
Hinesville,USA,53107,4/1/20
Hobbs,USA,44157,4/1/20
Holden Beach,USA,8687,4/1/20
Holdenville,USA,4264,4/1/20
Holdrege,USA,5454,4/1/20
Holland,USA,107034,4/1/20
Hollister,USA,49611,4/1/20
Holly,USA,8934,4/1/20
Holly Springs,USA,5559,4/1/20
Holts Summit,USA,5184,4/1/20
Holtville,USA,6230,4/1/20
Hondo,USA,6006,4/1/20
Honesdale,USA,5404,4/1/20
Honolulu,USA,853252,4/1/20
Hood River,USA,16171,4/1/20
Hoopeston,USA,4812,4/1/20
Hope,USA,8855,4/1/20
Hopkinsville,USA,31696,4/1/20
Hornell,USA,10566,4/1/20
Hornsby Bend,USA,11337,4/1/20
Horse Cave,USA,4262,4/1/20
Horseshoe Bay,USA,5583,4/1/20
Hot Springs,USA,59133,4/1/20
Hot Springs Village,USA,12755,4/1/20
Houghton - Hancock,USA,15358,4/1/20
Houghton Lake,USA,8521,4/1/20
Houlton,USA,4281,4/1/20
Houma,USA,145482,4/1/20
Houston,USA,5853575,4/1/20
Hudson,USA,10610,4/1/20
Hudson,USA,23743,4/1/20
Hugo,USA,4992,4/1/20
Humboldt,USA,5339,4/1/20
Humboldt,USA,7160,4/1/20
Huntingburg,USA,6117,4/1/20
Huntingdon,USA,11311,4/1/20
Huntington,USA,17555,4/1/20
Huntington,USA,200157,4/1/20
Huntsville,USA,329066,4/1/20
Huntsville,USA,43415,4/1/20
Huntsville Southeast,USA,20165,4/1/20
Huron,USA,6129,4/1/20
Huron,USA,14294,4/1/20
Hurricane,USA,19370,4/1/20
Hutchinson,USA,42475,4/1/20
Hutchinson,USA,14670,4/1/20
Idabel,USA,5523,4/1/20
Idaho Falls,USA,105132,4/1/20
Ilion - Herkimer,USA,22267,4/1/20
Immokalee,USA,23485,4/1/20
Incline Village,USA,19441,4/1/20
Independence,USA,6057,4/1/20
Independence,USA,8477,4/1/20
Indianapolis,USA,1699881,4/1/20
Indiana - White,USA,27693,4/1/20
Indian Head,USA,5556,4/1/20
Indianola,USA,15344,4/1/20
Indianola,USA,9341,4/1/20
Indiantown,USA,5496,4/1/20
Indio - Palm Desert - Palm Springs,USA,361075,4/1/20
Inman,USA,13269,4/1/20
International Falls,USA,6575,4/1/20
Iola,USA,5845,4/1/20
Ione,USA,4673,4/1/20
Ionia,USA,15168,4/1/20
Iowa City,USA,126810,4/1/20
Iowa Falls,USA,5058,4/1/20
Iowa Park,USA,6454,4/1/20
Ipswich,USA,9380,4/1/20
Iron Mountain - Kingsford,USA,18336,4/1/20
Ironwood,USA,7181,4/1/20
Irvine,USA,4029,4/1/20
Isanti,USA,6621,4/1/20
Ishpeming,USA,11298,4/1/20
Ithaca,USA,59102,4/1/20
Jackson,USA,7781,4/1/20
Jackson,USA,5697,4/1/20
Jackson,USA,84307,4/1/20
Jackson,USA,347693,4/1/20
Jackson,USA,72809,4/1/20
Jackson,USA,7962,4/1/20
Jackson,USA,10760,4/1/20
Jacksonville,USA,1247374,4/1/20
Jacksonville,USA,21003,4/1/20
Jacksonville,USA,111224,4/1/20
Jacksonville,USA,13881,4/1/20
Jackson - Wellston,USA,6749,4/1/20
Jamestown,USA,44424,4/1/20
Jamestown,USA,15207,4/1/20
Janesville,USA,72285,4/1/20
Jasper,USA,13274,4/1/20
Jasper,USA,6384,4/1/20
Jasper,USA,16749,4/1/20
Jasper,USA,7000,4/1/20
Jeanerette,USA,5325,4/1/20
Jefferson,USA,11842,4/1/20
Jefferson,USA,7566,4/1/20
Jefferson City,USA,50775,4/1/20
Jennings,USA,9378,4/1/20
Jerome,USA,12405,4/1/20
Jersey Shore,USA,10009,4/1/20
Jerseyville,USA,8641,4/1/20
Jesup,USA,12772,4/1/20
Jewett City,USA,4706,4/1/20
Johnson City,USA,128519,4/1/20
Johnson Lane,USA,5268,4/1/20
Johnstown,USA,19773,4/1/20
Johnstown,USA,5449,4/1/20
Johnstown,USA,61521,4/1/20
Jonesboro,USA,73781,4/1/20
Jonesboro,USA,5245,4/1/20
Joplin,USA,86679,4/1/20
Jordan,USA,6648,4/1/20
Joshua Tree,USA,4370,4/1/20
Junction City,USA,40723,4/1/20
Junction City,USA,7312,4/1/20
Juneau,USA,24756,4/1/20
Kahului - Wailuku,USA,57905,4/1/20
Kailua - Holualoa ( in: Hawaii County ),USA,33024,4/1/20
Kailua - Kaneohe ( in: Honolulu County ),USA,118092,4/1/20
Kalamazoo,USA,204562,4/1/20
Kalispell,USA,36131,4/1/20
Kankakee,USA,66530,4/1/20
Kansas City,USA,1674218,4/1/20
Kapaa,USA,18212,4/1/20
Kaplan,USA,4656,4/1/20
Kasson,USA,7649,4/1/20
Kaufman,USA,6127,4/1/20
Kearney,USA,10174,4/1/20
Kearney,USA,34526,4/1/20
Keene,USA,22687,4/1/20
Kekaha,USA,5724,4/1/20
Kenai,USA,8642,4/1/20
Kendallville,USA,10587,4/1/20
Kennett,USA,10560,4/1/20
Kennewick - Richland - Pasco,USA,255401,4/1/20
Kenosha,USA,125865,4/1/20
Kenton,USA,8033,4/1/20
Keokuk,USA,12351,4/1/20
Kerman,USA,16002,4/1/20
Kermit,USA,6381,4/1/20
Kerrville,USA,31844,4/1/20
Ketchikan,USA,11975,4/1/20
Ketchum,USA,6346,4/1/20
Kewanee,USA,12542,4/1/20
Key Largo,USA,21687,4/1/20
Keyser,USA,6328,4/1/20
Keystone Heights,USA,8218,4/1/20
Key West,USA,32146,4/1/20
Kihei,USA,26878,4/1/20
Kilgore,USA,16719,4/1/20
Kill Devil Hills - Nags Head,USA,23851,4/1/20
Killeen,USA,257222,4/1/20
Kimberling City,USA,4467,4/1/20
King City,USA,13760,4/1/20
Kingman,USA,46953,4/1/20
Kingsburg,USA,12602,4/1/20
Kingsland,USA,8093,4/1/20
Kingsland - St. Marys,USA,38567,4/1/20
Kings Mountain,USA,12619,4/1/20
Kingsport,USA,98411,4/1/20
Kingston,USA,50254,4/1/20
Kingstree,USA,5250,4/1/20
Kingsville,USA,24945,4/1/20
Kinross ( Kincheloe ),USA,5100,4/1/20
Kinston,USA,21050,4/1/20
Kirksville,USA,16846,4/1/20
Kirtland,USA,5737,4/1/20
Kiryas Joel,USA,71582,4/1/20
Kissimmee - St. Cloud,USA,418404,4/1/20
Kittanning - Ford City,USA,14605,4/1/20
Klamath Falls - Altamont,USA,43208,4/1/20
Knoxville,USA,7561,4/1/20
Knoxville,USA,597257,4/1/20
Kodiak - Mill Bay,USA,9530,4/1/20
Kokomo,USA,62576,4/1/20
Kosciusko,USA,6716,4/1/20
Krum,USA,5876,4/1/20
Kuna,USA,23565,4/1/20
Kutztown,USA,8672,4/1/20
LaBelle,USA,13053,4/1/20
Laconia,USA,27267,4/1/20
La Crosse,USA,98872,4/1/20
LaFayette,USA,6772,4/1/20
Lafayette,USA,157100,4/1/20
Lafayette,USA,227316,4/1/20
Lafayette,USA,6174,4/1/20
Lafayette - Erie - Louisville,USA,96485,4/1/20
La Follette,USA,20114,4/1/20
Lago Vista,USA,8463,4/1/20
La Grande,USA,14954,4/1/20
LaGrange,USA,35420,4/1/20
La Grange,USA,24556,4/1/20
La Grange,USA,5020,4/1/20
Lahaina - Napili-Honokowai,USA,21398,4/1/20
Laie - Hauula,USA,12488,4/1/20
La Junta,USA,7792,4/1/20
Lake Bryant,USA,3632,4/1/20
Lake Charles,USA,162501,4/1/20
Lake City,USA,25334,4/1/20
Lake City,USA,4912,4/1/20
Lake City,USA,6915,4/1/20
Lake Conroe Eastshore,USA,12188,4/1/20
Lake Conroe Westshore,USA,29322,4/1/20
Lake Delton,USA,6546,4/1/20
Lake Erie Beach,USA,7643,4/1/20
Lake Geneva,USA,10955,4/1/20
Lake Havasu City,USA,59017,4/1/20
Lake Holiday,USA,7313,4/1/20
Lake Isabella,USA,3698,4/1/20
Lake Jackson,USA,56054,4/1/20
Lakeland,USA,277915,4/1/20
Lake Mills,USA,6857,4/1/20
Lake Mohawk,USA,13164,4/1/20
Lake Monticello,USA,9825,4/1/20
Lake of the Pines,USA,4261,4/1/20
Lake of the Woods,USA,10902,4/1/20
Lake Placid,USA,17816,4/1/20
Lake Placid,USA,3486,4/1/20
Lake Pocotopaug,USA,7622,4/1/20
Lakeport,USA,8994,4/1/20
Lake Royale,USA,2942,4/1/20
Lakes of the Four Seasons,USA,13113,4/1/20
Lamar,USA,7502,4/1/20
Lambertville,USA,10167,4/1/20
Lamesa,USA,8731,4/1/20
Lamont,USA,15271,4/1/20
Lampasas,USA,6674,4/1/20
Lancaster,USA,43576,4/1/20
Lancaster,USA,22709,4/1/20
Lancaster - Manheim,USA,394530,4/1/20
Lander,USA,6977,4/1/20
Landrum - Tryon,USA,4518,4/1/20
Lansing,USA,318300,4/1/20
Lapeer,USA,12402,4/1/20
LaPlace - Lutcher - Gramercy,USA,48681,4/1/20
La Plata,USA,10536,4/1/20
Laramie,USA,32261,4/1/20
Laredo,USA,251462,4/1/20
Larned,USA,3734,4/1/20
Las Cruces,USA,139338,4/1/20
Las Vegas,USA,14530,4/1/20
Las Vegas - Henderson - Paradise,USA,2196623,4/1/20
Laughlin,USA,6579,4/1/20
Laurel,USA,25201,4/1/20
Laurel,USA,8789,4/1/20
Laurens,USA,11331,4/1/20
Laurinburg,USA,16225,4/1/20
Lawrence,USA,94998,4/1/20
Lawrenceburg,USA,13543,4/1/20
Lawrenceburg,USA,11679,4/1/20
Lawrenceville,USA,4632,4/1/20
Lawton,USA,87464,4/1/20
Lead,USA,4122,4/1/20
Leadville,USA,4538,4/1/20
Leavenworth,USA,47570,4/1/20
Lebanon,USA,16466,4/1/20
Lebanon,USA,6209,4/1/20
Lebanon,USA,14710,4/1/20
Lebanon,USA,30299,4/1/20
Lebanon,USA,22327,4/1/20
Lebanon,USA,75485,4/1/20
Lebanon,USA,36678,4/1/20
Lee,USA,8119,4/1/20
Leesburg - Eustis - Tavares,USA,151523,4/1/20
Lee's Summit,USA,91960,4/1/20
Leesville,USA,8328,4/1/20
Lehighton - Palmerton - Jim Thorpe,USA,18503,4/1/20
Leisuretowne,USA,5294,4/1/20
Leitchfield,USA,6488,4/1/20
Le Mars,USA,10138,4/1/20
Lemoore,USA,26957,4/1/20
Lemoore Station,USA,6568,4/1/20
Leominster - Fitchburg,USA,111790,4/1/20
Leonardtown,USA,6092,4/1/20
Le Roy,USA,4645,4/1/20
Levelland,USA,12601,4/1/20
Lewes - Rehoboth Beach,USA,39681,4/1/20
Lewisburg,USA,11934,4/1/20
Lewisburg,USA,7227,4/1/20
Lewiston,USA,54798,4/1/20
Lewiston,USA,60743,4/1/20
Lewistown,USA,6024,4/1/20
Lewistown,USA,20999,4/1/20
Lexington,USA,10438,4/1/20
Lexington,USA,6357,4/1/20
Lexington,USA,9460,4/1/20
Lexington-Fayette,USA,315631,4/1/20
Lexington Park - California - Chesapeake Ranch Estates,USA,62352,4/1/20
Libby,USA,4341,4/1/20
Liberal,USA,19843,4/1/20
Liberty,USA,5284,4/1/20
Liberty,USA,6387,4/1/20
Lihue,USA,15885,4/1/20
Lima,USA,68630,4/1/20
Lincoln,USA,13990,4/1/20
Lincoln,USA,291217,4/1/20
Lincoln,USA,2005,4/1/20
Lincoln Beach,USA,3626,4/1/20
Lincoln City,USA,10494,4/1/20
Lincolnton,USA,22657,4/1/20
Lindale - Hideaway,USA,11770,4/1/20
Lindsay,USA,13942,4/1/20
Lindstrom - Chisago City,USA,9152,4/1/20
Linton,USA,5298,4/1/20
Litchfield,USA,6350,4/1/20
Litchfield,USA,6569,4/1/20
Litchfield Beach ( - Pawleys Island ),USA,15225,4/1/20
Little Falls,USA,9411,4/1/20
Little Falls,USA,4597,4/1/20
Littlefield,USA,5626,4/1/20
Little Rock,USA,461864,4/1/20
Littlestown,USA,6442,4/1/20
Live Oak,USA,9080,4/1/20
Live Oak,USA,6668,4/1/20
Livermore - Pleasanton - Dublin,USA,240381,4/1/20
Livingston,USA,14255,4/1/20
Livingston,USA,9350,4/1/20
Livingston,USA,5592,4/1/20
Lockhart,USA,12886,4/1/20
Lock Haven,USA,14625,4/1/20
Lockport,USA,35958,4/1/20
Lodi,USA,73090,4/1/20
Logan,USA,8209,4/1/20
Logan,USA,113927,4/1/20
Logan,USA,8821,4/1/20
Logansport,USA,20374,4/1/20
Lompoc,USA,54287,4/1/20
London,USA,10259,4/1/20
London - Corbin,USA,36861,4/1/20
Long Beach,USA,3252,4/1/20
Longmont,USA,100776,4/1/20
Long Neck,USA,20169,4/1/20
Longview,USA,107099,4/1/20
Longview,USA,69841,4/1/20
Lorain - Elyria,USA,199067,4/1/20
Los Alamos,USA,13283,4/1/20
Los Angeles - Long Beach - Anaheim,USA,12237376,4/1/20
Los Banos,USA,45533,4/1/20
Los Lunas,USA,53365,4/1/20
Los Osos,USA,13978,4/1/20
Louisa,USA,4582,4/1/20
Louisville ( Jefferson County ),USA,974397,4/1/20
Lovington,USA,11765,4/1/20
Lowell,USA,10747,4/1/20
Lowell,USA,7530,4/1/20
Lubbock,USA,272280,4/1/20
Ludington,USA,11883,4/1/20
Lufkin,USA,41551,4/1/20
Luling,USA,5391,4/1/20
Lumberton,USA,22256,4/1/20
Luray,USA,4742,4/1/20
Luverne,USA,4808,4/1/20
Lynchburg,USA,125596,4/1/20
Lynden,USA,15995,4/1/20
Macclenny,USA,10881,4/1/20
Macomb,USA,15656,4/1/20
Macon,USA,140111,4/1/20
Macon,USA,5359,4/1/20
Madera,USA,81635,4/1/20
Madison,USA,4709,4/1/20
Madison,USA,17447,4/1/20
Madison,USA,6169,4/1/20
Madison,USA,450305,4/1/20
Madisonville,USA,21328,4/1/20
Madisonville,USA,6070,4/1/20
Madras,USA,8087,4/1/20
Magalia,USA,6900,4/1/20
Magnolia,USA,10403,4/1/20
Mahanoy City,USA,3720,4/1/20
Mahomet,USA,11922,4/1/20
Malone,USA,6885,4/1/20
Malvern,USA,8833,4/1/20
Mammoth Lakes,USA,7045,4/1/20
Manchester,USA,4913,4/1/20
Manchester,USA,163289,4/1/20
Manchester,USA,12953,4/1/20
Mandeville - Covington,USA,113763,4/1/20
Manhattan,USA,7826,4/1/20
Manhattan,USA,60454,4/1/20
Manistee,USA,8093,4/1/20
Manitowoc,USA,46558,4/1/20
Mankato,USA,60206,4/1/20
Manning,USA,4522,4/1/20
Manor,USA,17006,4/1/20
Mansfield,USA,5602,4/1/20
Mansfield,USA,73545,4/1/20
Manteca,USA,86674,4/1/20
Manteno,USA,10437,4/1/20
Manteo,USA,6070,4/1/20
Maquoketa,USA,6098,4/1/20
Marana,USA,10618,4/1/20
Marathon,USA,9733,4/1/20
Marble Falls,USA,7953,4/1/20
Marengo,USA,7509,4/1/20
Marianna,USA,5560,4/1/20
Maricopa,USA,57771,4/1/20
Marietta,USA,21723,4/1/20
Marinette - Menominee ( incl. Peshtigo ),USA,23551,4/1/20
Marion,USA,40961,4/1/20
Marion,USA,12031,4/1/20
Marion,USA,42688,4/1/20
Marion,USA,7009,4/1/20
Marion,USA,7281,4/1/20
Marion - Herrin,USA,39391,4/1/20
Marion Oaks,USA,19077,4/1/20
Marksville,USA,6682,4/1/20
Marlin,USA,5396,4/1/20
Marquette,USA,24682,4/1/20
Marseilles,USA,4660,4/1/20
Marshall,USA,7471,4/1/20
Marshall,USA,13508,4/1/20
Marshall,USA,13471,4/1/20
Marshall,USA,21387,4/1/20
Marshalltown,USA,27381,4/1/20
Marshfield,USA,7537,4/1/20
Marshfield,USA,19462,4/1/20
Martin,USA,10518,4/1/20
Martinsville,USA,12556,4/1/20
Martinsville,USA,31273,4/1/20
Marysville,USA,25674,4/1/20
Marysville,USA,160440,4/1/20
Maryville,USA,11212,4/1/20
Mascoutah,USA,8528,4/1/20
Mason City,USA,25954,4/1/20
Massena,USA,10582,4/1/20
Mathis,USA,5253,4/1/20
Mattawan,USA,5721,4/1/20
Mattoon,USA,17111,4/1/20
Mauldin - Simpsonville,USA,159506,4/1/20
Mayfield,USA,12256,4/1/20
Mayodan,USA,4627,4/1/20
Maysville,USA,9799,4/1/20
Maytown - Marietta,USA,7737,4/1/20
Mayville,USA,5189,4/1/20
McAlester,USA,19542,4/1/20
McAllen,USA,779553,4/1/20
McCall,USA,3695,4/1/20
McComb,USA,15327,4/1/20
McCook,USA,7395,4/1/20
McFarland,USA,14149,4/1/20
McGregor,USA,5139,4/1/20
McHenry Northwest - Wonder Lake,USA,5758,4/1/20
McKenzie,USA,5360,4/1/20
McKinleyville,USA,14981,4/1/20
McKinney - Frisco,USA,504803,4/1/20
McMinnville,USA,41831,4/1/20
McMinnville,USA,15711,4/1/20
McPherson,USA,14039,4/1/20
Meadville,USA,20652,4/1/20
Mecca,USA,6875,4/1/20
Mechanicville,USA,11799,4/1/20
Medford,USA,171640,4/1/20
Medford,USA,4114,4/1/20
Medina,USA,6279,4/1/20
Medina,USA,46109,4/1/20
Melissa - Anna,USA,34516,4/1/20
Memphis,USA,1056190,4/1/20
Mena,USA,5534,4/1/20
Mendota,USA,13382,4/1/20
Mendota,USA,6918,4/1/20
Menomonie,USA,17022,4/1/20
Merced,USA,150052,4/1/20
Meredith,USA,3411,4/1/20
Meridian,USA,33809,4/1/20
Merrill,USA,9519,4/1/20
Mesquite,USA,19206,4/1/20
Metropolis,USA,5925,4/1/20
Mexia,USA,6661,4/1/20
Mexico,USA,11351,4/1/20
Miami,USA,15348,4/1/20
Miami - Fort Lauderdale,USA,6077522,4/1/20
Michigan City - La Porte,USA,71367,4/1/20
Middlebury,USA,6154,4/1/20
Middleport,USA,5814,4/1/20
Middlesborough,USA,13628,4/1/20
Middleton,USA,10265,4/1/20
Middletown,USA,41851,4/1/20
Middletown,USA,61516,4/1/20
Middletown,USA,93608,4/1/20
Midland,USA,52340,4/1/20
Midland,USA,141997,4/1/20
Midlothian,USA,30908,4/1/20
Milan,USA,7861,4/1/20
Milan,USA,7578,4/1/20
Miles City,USA,9227,4/1/20
Milford,USA,17754,4/1/20
Milledgeville,USA,22441,4/1/20
Millersburg,USA,4375,4/1/20
Millington,USA,12918,4/1/20
Millinocket,USA,3812,4/1/20
Millsboro,USA,9844,4/1/20
Milton,USA,6417,4/1/20
Milton,USA,28610,4/1/20
Milton-Freewater,USA,8131,4/1/20
Milwaukee,USA,1306795,4/1/20
Minden,USA,12659,4/1/20
Mineola,USA,5699,4/1/20
Mineral Wells,USA,14211,4/1/20
Minneapolis - St. Paul,USA,2914866,4/1/20
Minot,USA,50925,4/1/20
Minster - New Bremen,USA,6138,4/1/20
Mission Viejo - Lake Forest - Laguna Niguel,USA,646843,4/1/20
Missoula,USA,88109,4/1/20
Mitchell,USA,15690,4/1/20
Moab,USA,7933,4/1/20
Moberly,USA,12163,4/1/20
Mobile,USA,321907,4/1/20
Mocksville,USA,5971,4/1/20
Modesto,USA,357301,4/1/20
Molalla,USA,10258,4/1/20
Monahans,USA,9162,4/1/20
Monessen,USA,49962,4/1/20
Monett,USA,9391,4/1/20
Monmouth,USA,9189,4/1/20
Monmouth - Independence,USA,20912,4/1/20
Monroe,USA,16650,4/1/20
Monroe,USA,119964,4/1/20
Monroe,USA,57260,4/1/20
Monroe,USA,24635,4/1/20
Monroe,USA,10725,4/1/20
Monroeville,USA,4284,4/1/20
Montauk,USA,3845,4/1/20
Mont Belvieu,USA,12180,4/1/20
Montesano - Elma,USA,12682,4/1/20
Montevallo,USA,6438,4/1/20
Montevideo,USA,5391,4/1/20
Montgomery,USA,254348,4/1/20
Monticello,USA,7974,4/1/20
Monticello,USA,5985,4/1/20
Monticello,USA,10635,4/1/20
Monticello,USA,6681,4/1/20
Monticello,USA,15760,4/1/20
Monticello,USA,14328,4/1/20
Montrose,USA,24513,4/1/20
Montrose,USA,5539,4/1/20
Morehead,USA,9375,4/1/20
Morehead City - Emerald Isle - Atlantic Beach,USA,44300,4/1/20
Morgan City,USA,30236,4/1/20
Morgantown,USA,77620,4/1/20
Morrilton,USA,6340,4/1/20
Morris,USA,15740,4/1/20
Morris,USA,5030,4/1/20
Morristown ( incl. White Pine ),USA,66539,4/1/20
Morro Bay,USA,13163,4/1/20
Moscow,USA,25914,4/1/20
Moses Lake,USA,38751,4/1/20
Moultrie,USA,19217,4/1/20
Moundsville,USA,11398,4/1/20
Mountain Grove,USA,4219,4/1/20
Mountain Home,USA,17783,4/1/20
Mountain Home,USA,17799,4/1/20
Mountain Lake Park,USA,4548,4/1/20
Mountain Top,USA,10520,4/1/20
Mount Airy,USA,17354,4/1/20
Mount Carmel,USA,6963,4/1/20
Mount Horeb,USA,7730,4/1/20
Mount Pleasant,USA,9284,4/1/20
Mount Pleasant,USA,30738,4/1/20
Mount Pleasant,USA,15419,4/1/20
Mount Plymouth,USA,6165,4/1/20
Mount Shasta,USA,5203,4/1/20
Mount Sterling,USA,13920,4/1/20
Mount Vernon,USA,15288,4/1/20
Mount Vernon,USA,6715,4/1/20
Mount Vernon,USA,6509,4/1/20
Mount Vernon,USA,18993,4/1/20
Mount Vernon,USA,66825,4/1/20
Mount Washington,USA,21516,4/1/20
Mukwonago,USA,15287,4/1/20
Muleshoe,USA,5159,4/1/20
Mullins,USA,4924,4/1/20
Muncie,USA,84382,4/1/20
Muncy,USA,7544,4/1/20
Munds Park,USA,773,4/1/20
Murfreesboro,USA,177313,4/1/20
Murray,USA,18958,4/1/20
Muscatine,USA,25144,4/1/20
Muskegon - Norton Shores,USA,166414,4/1/20
Muskogee,USA,35798,4/1/20
Myrtle Beach - North Myrtle Beach,USA,298954,4/1/20
Mystic Island - Little Egg Harbor,USA,23074,4/1/20
Nacogdoches,USA,33732,4/1/20
Nampa,USA,177561,4/1/20
Nantucket,USA,12011,4/1/20
Napa,USA,84619,4/1/20
Napoleon,USA,8868,4/1/20
Nappanee,USA,7250,4/1/20
Nashua,USA,242984,4/1/20
Nashville,USA,4844,4/1/20
Nashville-Davidson,USA,1158642,4/1/20
Natchez,USA,25902,4/1/20
Natchitoches,USA,18935,4/1/20
Navarre - Miramar Beach - Destin ( incl. Fort Walton Beach ),USA,226213,4/1/20
Navasota,USA,7458,4/1/20
Nebraska City,USA,7020,4/1/20
Needles,USA,6739,4/1/20
Nelsonville,USA,4709,4/1/20
Neosho,USA,12580,4/1/20
Nephi,USA,6330,4/1/20
Nevada,USA,6881,4/1/20
Nevada,USA,8529,4/1/20
New Albany,USA,6763,4/1/20
Newark,USA,13568,4/1/20
Newark,USA,81223,4/1/20
New Bedford,USA,155491,4/1/20
Newberg,USA,30893,4/1/20
New Bern,USA,47988,4/1/20
Newberry,USA,12342,4/1/20
New Boston,USA,4502,4/1/20
New Braunfels,USA,100736,4/1/20
New Carlisle,USA,5507,4/1/20
New Castle,USA,5844,4/1/20
New Castle,USA,18555,4/1/20
New Castle,USA,40243,4/1/20
New Freedom - Shrewsbury,USA,12094,4/1/20
New Haven,USA,561456,4/1/20
New Iberia,USA,37897,4/1/20
New Lexington,USA,4602,4/1/20
New London,USA,7804,4/1/20
Newman,USA,12387,4/1/20
New Martinsville,USA,5608,4/1/20
New Orleans,USA,914531,4/1/20
New Paltz,USA,9969,4/1/20
New Philadelphia - Dover,USA,46776,4/1/20
Newport,USA,5947,4/1/20
Newport,USA,11731,4/1/20
Newport,USA,11576,4/1/20
New Prague,USA,8156,4/1/20
New Richmond,USA,9486,4/1/20
New Roads,USA,6794,4/1/20
New Tazewell -Tazewell,USA,5374,4/1/20
Newton,USA,15943,4/1/20
Newton,USA,20378,4/1/20
Newton,USA,12813,4/1/20
Newton Falls,USA,6604,4/1/20
New Ulm,USA,13435,4/1/20
New York - Jersey City - Newark,USA,19426449,4/1/20
Nice,USA,8555,4/1/20
Nicholasville,USA,31434,4/1/20
Nipomo,USA,20303,4/1/20
Nogales,USA,19168,4/1/20
Norfolk,USA,27407,4/1/20
Norman,USA,120191,4/1/20
North Adams,USA,25432,4/1/20
North Bend,USA,11762,4/1/20
North Branch,USA,6368,4/1/20
North East,USA,6513,4/1/20
Northfield,USA,22686,4/1/20
North Manchester,USA,5188,4/1/20
North Platte,USA,23582,4/1/20
North Vernon,USA,6936,4/1/20
North Windham,USA,10271,4/1/20
Norwalk,USA,19269,4/1/20
Norwich,USA,7740,4/1/20
Norwich - New London,USA,167432,4/1/20
Oakdale,USA,25408,4/1/20
Oakdale,USA,6700,4/1/20
Oak Harbor,USA,37449,4/1/20
Oak Island,USA,15592,4/1/20
Oakland,USA,9389,4/1/20
Oak Ridge ( Jefferson Township North ),USA,8871,4/1/20
Oberlin,USA,8176,4/1/20
Ocala,USA,182647,4/1/20
Ocean Park,USA,5411,4/1/20
Ocean Pines - Ocean City,USA,37946,4/1/20
Ocean Shores,USA,6766,4/1/20
Ocean View,USA,18025,4/1/20
Odessa,USA,5529,4/1/20
Odessa,USA,154818,4/1/20
Oelwein,USA,6585,4/1/20
Ogallala,USA,4721,4/1/20
Ogden - Layton,USA,608857,4/1/20
Ogdensburg,USA,10246,4/1/20
Oil City,USA,13666,4/1/20
Okeechobee - Taylor Creek,USA,26670,4/1/20
Oklahoma City,USA,982276,4/1/20
Okmulgee,USA,11016,4/1/20
Olean,USA,21144,4/1/20
Olney,USA,8642,4/1/20
Olympia - Lacey,USA,208157,4/1/20
Omaha,USA,819508,4/1/20
Omak,USA,8165,4/1/20
Oneida,USA,12481,4/1/20
Oneonta,USA,5624,4/1/20
Oneonta,USA,16028,4/1/20
Ontario - Payette,USA,27806,4/1/20
Opelousas,USA,23498,4/1/20
Opp,USA,5325,4/1/20
Orange,USA,40796,4/1/20
Orange,USA,4802,4/1/20
Orangeburg,USA,29072,4/1/20
Orange City,USA,7093,4/1/20
Orange Cove,USA,9716,4/1/20
Orangetree,USA,9791,4/1/20
Oregon,USA,11551,4/1/20
Orland,USA,9422,4/1/20
Orlando,USA,1853896,4/1/20
Oronoko - Berrien Springs,USA,6725,4/1/20
Orosi,USA,12795,4/1/20
Oroville,USA,40190,4/1/20
Orrville,USA,8703,4/1/20
Osage Beach,USA,6668,4/1/20
Osceola,USA,6244,4/1/20
Osceola,USA,5283,4/1/20
Oscoda - Au Sable,USA,8558,4/1/20
Oshkosh,USA,76190,4/1/20
Oskaloosa,USA,12541,4/1/20
Oswego,USA,24421,4/1/20
Othello,USA,10865,4/1/20
Otsego - Plainwell,USA,11819,4/1/20
Ottawa,USA,20122,4/1/20
Ottawa,USA,12461,4/1/20
Ottawa,USA,5418,4/1/20
Ottumwa,USA,25019,4/1/20
Owatonna,USA,26278,4/1/20
Owego,USA,4365,4/1/20
Owensboro,USA,76433,4/1/20
Owosso,USA,22329,4/1/20
Oxford,USA,33518,4/1/20
Oxford,USA,8925,4/1/20
Oxford,USA,23221,4/1/20
Oxford,USA,9925,4/1/20
Oxnard - San Buenaventura,USA,376117,4/1/20
Ozark,USA,12218,4/1/20
Pacific,USA,8522,4/1/20
Paducah,USA,50833,4/1/20
Page,USA,7022,4/1/20
Pagosa Springs,USA,5632,4/1/20
Pahokee,USA,6683,4/1/20
Pahrump,USA,37498,4/1/20
Paintsville,USA,5717,4/1/20
Palatka,USA,20032,4/1/20
Palestine,USA,18615,4/1/20
Palm Bay - Melbourne,USA,510675,4/1/20
Palmdale - Lancaster,USA,359559,4/1/20
Palmyra,USA,4477,4/1/20
Palmyra,USA,3772,4/1/20
Pampa,USA,16865,4/1/20
Pana,USA,5309,4/1/20
Panama City - Panama City Beach,USA,162060,4/1/20
Panther Valley,USA,4279,4/1/20
Paola,USA,5553,4/1/20
Paragould,USA,25089,4/1/20
Paris,USA,8316,4/1/20
Paris,USA,11269,4/1/20
Paris,USA,10303,4/1/20
Paris,USA,26292,4/1/20
Park City - Snyderville,USA,16168,4/1/20
Parker,USA,5329,4/1/20
Parkersburg,USA,62500,4/1/20
Parlier,USA,14522,4/1/20
Parsons,USA,9433,4/1/20
Pascagoula - Gautier,USA,51454,4/1/20
Patterson,USA,23660,4/1/20
Pauls Valley,USA,5608,4/1/20
Paw Paw,USA,5662,4/1/20
Paw Paw Lake,USA,7526,4/1/20
Paxton,USA,4528,4/1/20
Payson,USA,17022,4/1/20
Payson - Santaquin,USA,31132,4/1/20
Pea Ridge,USA,6026,4/1/20
Pearsall,USA,9063,4/1/20
Pecan Plantation,USA,6831,4/1/20
Pecos,USA,13081,4/1/20
Peculiar,USA,5564,4/1/20
Pella,USA,10160,4/1/20
Pell City,USA,11500,4/1/20
Pembroke,USA,5694,4/1/20
Pendleton,USA,17488,4/1/20
Pennsburg - Upper Hanover - East Greenville,USA,17239,4/1/20
Penn Yan,USA,8399,4/1/20
Pensacola,USA,390172,4/1/20
Peoria,USA,259781,4/1/20
Pepperell,USA,6103,4/1/20
Perry,USA,6531,4/1/20
Perry,USA,14884,4/1/20
Perry,USA,7628,4/1/20
Perry,USA,4066,4/1/20
Perry,USA,4445,4/1/20
Perryton,USA,8391,4/1/20
Perryville,USA,8062,4/1/20
Peru,USA,12458,4/1/20
Peru - LaSalle,USA,29763,4/1/20
Petaluma,USA,65227,4/1/20
Petoskey,USA,12233,4/1/20
Philadelphia,USA,7114,4/1/20
Philadelphia ( incl. Pottstown ),USA,5696125,4/1/20
Philipsburg,USA,9379,4/1/20
Phoenix - Mesa - Scottsdale,USA,3976313,4/1/20
Phoenix West - Goodyear - Avondale,USA,419946,4/1/20
Picayune,USA,16301,4/1/20
Pickens,USA,5068,4/1/20
Pierre,USA,14755,4/1/20
Pikeville,USA,10710,4/1/20
Pine Bluff,USA,46683,4/1/20
Pinehurst - Magnolia,USA,9667,4/1/20
Pinehurst - Southern Pines,USA,50319,4/1/20
Pinetop-Lakeside,USA,9393,4/1/20
Piqua,USA,20890,4/1/20
Pittsburg,USA,23120,4/1/20
Pittsburgh,USA,1745039,4/1/20
Pittsfield,USA,50720,4/1/20
Placerville - Diamond Springs,USA,23291,4/1/20
Plainview,USA,22615,4/1/20
Platte City,USA,10707,4/1/20
Platteville,USA,11838,4/1/20
Plattsburgh,USA,28958,4/1/20
Plattsmouth,USA,6655,4/1/20
Pleasant Hill,USA,8737,4/1/20
Pleasanton,USA,13983,4/1/20
Plumas Lake,USA,7337,4/1/20
Plymouth,USA,12279,4/1/20
Plymouth,USA,6166,4/1/20
Plymouth,USA,9011,4/1/20
Pocahontas,USA,7164,4/1/20
Pocatello,USA,72211,4/1/20
Poinciana,USA,53267,4/1/20
Poinciana Southwest,USA,16966,4/1/20
Point Pleasant - Gallipolis,USA,10544,4/1/20
Point Roberts,USA,1191,4/1/20
Polk City,USA,5375,4/1/20
Polson,USA,5564,4/1/20
Ponca City,USA,24990,4/1/20
Pontiac,USA,11078,4/1/20
Poolesville,USA,5685,4/1/20
Poplar Bluff,USA,20449,4/1/20
Portage,USA,5661,4/1/20
Portage,USA,10555,4/1/20
Portales,USA,12202,4/1/20
Port Angeles,USA,24445,4/1/20
Port Arthur,USA,116819,4/1/20
Port Charlotte - North Port,USA,199998,4/1/20
Porterville,USA,69862,4/1/20
Port Hadlock-Irondale,USA,5372,4/1/20
Port Huron,USA,82226,4/1/20
Port Isabel - South Padre Island - Laguna Vista,USA,12413,4/1/20
Port Jervis,USA,16187,4/1/20
Portland,USA,6364,4/1/20
Portland,USA,205356,4/1/20
Portland,USA,5263,4/1/20
Portland,USA,2104238,4/1/20
Portland,USA,12285,4/1/20
Port Lavaca,USA,12055,4/1/20
Portsmouth ( incl. Kennebunk ),USA,95090,4/1/20
Portsmouth,USA,35346,4/1/20
Port St. Lucie,USA,437745,4/1/20
Port Townsend,USA,10042,4/1/20
Poteau,USA,7826,4/1/20
Potsdam,USA,8237,4/1/20
Pottsville,USA,29600,4/1/20
Poughkeepsie - Newburgh,USA,314766,4/1/20
Powell,USA,6485,4/1/20
Prairie du Chien,USA,6119,4/1/20
Prairie du Sac - Sauk City,USA,7846,4/1/20
Prairie Grove,USA,5496,4/1/20
Pratt,USA,6589,4/1/20
Prescott - Prescott Valley,USA,92427,4/1/20
Prescott Valley East,USA,7229,4/1/20
Presque Isle,USA,5361,4/1/20
Prestonsburg,USA,6271,4/1/20
Price,USA,13346,4/1/20
Princess Anne,USA,6406,4/1/20
Princeton,USA,7979,4/1/20
Princeton,USA,8343,4/1/20
Princeton,USA,6058,4/1/20
Princeton,USA,4956,4/1/20
Princeton,USA,18184,4/1/20
Princeville,USA,2544,4/1/20
Prineville,USA,12407,4/1/20
Prosser,USA,6589,4/1/20
Providence,USA,1285806,4/1/20
Provincetown,USA,5698,4/1/20
Provo - Orem,USA,588609,4/1/20
Pryor Creek,USA,9436,4/1/20
Pueblo,USA,120642,4/1/20
Pueblo West,USA,25413,4/1/20
Pukalani - Haiku-Pauwela - Makawao,USA,23305,4/1/20
Pulaski,USA,8158,4/1/20
Pulaski,USA,16588,4/1/20
Pullman,USA,32691,4/1/20
Punxsutawney,USA,6199,4/1/20
Pupukea,USA,15509,4/1/20
Purcell,USA,7327,4/1/20
Purcellville,USA,16475,4/1/20
Putnam - Killingly,USA,34582,4/1/20
Quartzsite,USA,2280,4/1/20
Quincy,USA,8541,4/1/20
Quincy,USA,43427,4/1/20
Quincy,USA,7846,4/1/20
Racine,USA,134877,4/1/20
Radford,USA,19521,4/1/20
Rainbow Springs ( Rainbow Lakes Estates ),USA,4667,4/1/20
Raleigh,USA,1106646,4/1/20
Ramona,USA,14837,4/1/20
Rancho Calaveras,USA,8164,4/1/20
Ranson - Charles Town,USA,21569,4/1/20
Rantoul,USA,13654,4/1/20
Rapid City,USA,85679,4/1/20
Rathdrum,USA,9241,4/1/20
Raton,USA,5629,4/1/20
Ravena - Bethlehem,USA,9346,4/1/20
Rawlins,USA,7700,4/1/20
Raymond,USA,5266,4/1/20
Raymondville,USA,12986,4/1/20
Rayne,USA,8493,4/1/20
Reading,USA,276278,4/1/20
Red Bluff,USA,19826,4/1/20
Redding,USA,120602,4/1/20
Redmond,USA,33293,4/1/20
Red Oak,USA,5516,4/1/20
Red Wing,USA,14857,4/1/20
Redwood Falls,USA,4608,4/1/20
Reedley - Dinuba,USA,49614,4/1/20
Reedsburg,USA,10067,4/1/20
Reedsport,USA,4503,4/1/20
Reidsville,USA,14653,4/1/20
Reno,USA,446529,4/1/20
Rensselaer,USA,5509,4/1/20
Republic,USA,18446,4/1/20
Rexburg,USA,41330,4/1/20
Rhinelander,USA,9738,4/1/20
Rice Lake,USA,10156,4/1/20
Richfield,USA,8393,4/1/20
Richland Center,USA,4924,4/1/20
Richlands,USA,8746,4/1/20
Richmond,USA,43130,4/1/20
Richmond,USA,42999,4/1/20
Richmond,USA,6034,4/1/20
Richmond,USA,5857,4/1/20
Richmond,USA,1059150,4/1/20
Ridgecrest,USA,29307,4/1/20
Ridgefield,USA,25683,4/1/20
Ridgefield,USA,10356,4/1/20
Ridgway,USA,4259,4/1/20
Rifle,USA,11469,4/1/20
Rigby,USA,10283,4/1/20
Rincon,USA,14113,4/1/20
Rio Grande City - Roma,USA,47070,4/1/20
Rio Verde,USA,2765,4/1/20
Rio Vista,USA,9942,4/1/20
Ripley,USA,6922,4/1/20
Ripon,USA,15829,4/1/20
Ripon,USA,8059,4/1/20
Rising Sun,USA,5788,4/1/20
River Falls,USA,16344,4/1/20
Riverhead - Southold,USA,51120,4/1/20
Riverside - San Bernardino,USA,2276703,4/1/20
Riverton,USA,11234,4/1/20
Roanoke,USA,217312,4/1/20
Roanoke Rapids,USA,23400,4/1/20
Roaring Spring,USA,6239,4/1/20
Robertsdale,USA,7429,4/1/20
Robinson,USA,6134,4/1/20
Robstown,USA,10775,4/1/20
Rochelle,USA,11013,4/1/20
Rochester,USA,7333,4/1/20
Rochester,USA,121587,4/1/20
Rochester,USA,704327,4/1/20
Rockaway Beach,USA,1761,4/1/20
Rockdale,USA,5464,4/1/20
Rockford,USA,276443,4/1/20
Rock Hill,USA,218443,4/1/20
Rockingham,USA,23833,4/1/20
Rockland,USA,9868,4/1/20
Rockmart,USA,7743,4/1/20
Rockport,USA,16217,4/1/20
Rock Springs,USA,25853,4/1/20
Rocky Mount,USA,63297,4/1/20
Rocky Mount,USA,5411,4/1/20
Rogersville,USA,6154,4/1/20
Rolla,USA,20610,4/1/20
Rome,USA,60403,4/1/20
Rome,USA,29222,4/1/20
Roosevelt,USA,6316,4/1/20
Rosamond,USA,17538,4/1/20
Roseburg,USA,43484,4/1/20
Roswell,USA,48831,4/1/20
Round Lake Beach - McHenry - Grayslake,USA,261835,4/1/20
Roxboro,USA,9500,4/1/20
Roxborough Park,USA,9090,4/1/20
Royse City,USA,13922,4/1/20
Ruidoso,USA,11042,4/1/20
Rumford,USA,5585,4/1/20
Running Springs,USA,5313,4/1/20
Rupert,USA,6534,4/1/20
Rushville,USA,6469,4/1/20
Russell,USA,4066,4/1/20
Russells Point,USA,6451,4/1/20
Russellville,USA,9939,4/1/20
Russellville,USA,31870,4/1/20
Russellville,USA,6641,4/1/20
Ruston,USA,28839,4/1/20
Rutland,USA,19550,4/1/20
Sacramento,USA,1946618,4/1/20
Safford,USA,18331,4/1/20
Saginaw,USA,116058,4/1/20
Sahuarita,USA,17276,4/1/20
Salamanca,USA,6375,4/1/20
Salem,USA,7153,4/1/20
Salem,USA,6617,4/1/20
Salem,USA,4684,4/1/20
Salem,USA,5927,4/1/20
Salem,USA,15924,4/1/20
Salem,USA,268331,4/1/20
Salida,USA,5953,4/1/20
Salina,USA,46547,4/1/20
Salinas,USA,177532,4/1/20
Salisbury,USA,78075,4/1/20
Sallisaw,USA,7513,4/1/20
Salt Lake City,USA,1178533,4/1/20
San Angelo,USA,99982,4/1/20
San Antonio,USA,1992689,4/1/20
Sandersville,USA,7097,4/1/20
San Diego,USA,3070300,4/1/20
San Diego Country Estates,USA,7002,4/1/20
Sandpoint,USA,12824,4/1/20
Sandusky - Port Clinton,USA,61743,4/1/20
Sandy,USA,13173,4/1/20
Sanford,USA,15067,4/1/20
Sanford,USA,36641,4/1/20
San Francisco - Oakland,USA,3269385,4/1/20
Sanger,USA,27325,4/1/20
Sanger,USA,8279,4/1/20
San Jose,USA,1837446,4/1/20
San Luis,USA,24790,4/1/20
San Luis Obispo,USA,56904,4/1/20
San Marcos,USA,70801,4/1/20
San Rafael - Novato,USA,246548,4/1/20
Santa Barbara,USA,202197,4/1/20
Santa Clarita,USA,278031,4/1/20
Santa Cruz,USA,169038,4/1/20
Santa Fe,USA,94241,4/1/20
Santa Maria,USA,143609,4/1/20
Santa Paula,USA,30675,4/1/20
Santa Rosa,USA,297329,4/1/20
Saranac Lake,USA,5163,4/1/20
Saratoga Springs,USA,75684,4/1/20
Sauk Centre,USA,4849,4/1/20
Sault Ste. Marie,USA,12877,4/1/20
Savannah,USA,309466,4/1/20
Savannah,USA,5253,4/1/20
Savannah,USA,8828,4/1/20
Sayre - Waverly,USA,17262,4/1/20
Scappoose,USA,9652,4/1/20
Schuyler,USA,6522,4/1/20
Schuylkill Haven - Orwigsburg,USA,14265,4/1/20
Scott City,USA,4949,4/1/20
Scottsbluff,USA,25104,4/1/20
Scottsboro,USA,10791,4/1/20
Scottsburg,USA,7578,4/1/20
Scottsville,USA,4637,4/1/20
Scranton,USA,366713,4/1/20
Seabrook Island,USA,3371,4/1/20
Seaford - Laurel - Bridgeville,USA,29147,4/1/20
Sealy,USA,6385,4/1/20
Searcy,USA,26652,4/1/20
Seaside,USA,9183,4/1/20
Seaside - Monterey - Pacific Grove,USA,123495,4/1/20
Seattle - Tacoma,USA,3544011,4/1/20
Sebastopol,USA,18734,4/1/20
Sebring - Avon Park,USA,63297,4/1/20
Sedalia,USA,26043,4/1/20
Sedona,USA,9190,4/1/20
Seguin,USA,28998,4/1/20
Selma,USA,21207,4/1/20
Selma,USA,32546,4/1/20
Seminole,USA,6283,4/1/20
Seminole,USA,7068,4/1/20
Senatobia,USA,6817,4/1/20
Seneca,USA,23105,4/1/20
Sequim,USA,24864,4/1/20
Severance,USA,6408,4/1/20
Sevierville,USA,34032,4/1/20
Seward,USA,7473,4/1/20
Seymour,USA,24247,4/1/20
Seymour,USA,15219,4/1/20
Shafter,USA,19278,4/1/20
Shamokin - Mount Carmel,USA,28461,4/1/20
Sharon - Hermitage,USA,42169,4/1/20
Shawano,USA,12229,4/1/20
Shawnee,USA,34245,4/1/20
Sheboygan,USA,74369,4/1/20
Shelby,USA,25955,4/1/20
Shelby,USA,9317,4/1/20
Shelbyville,USA,4872,4/1/20
Shelbyville,USA,21208,4/1/20
Shelbyville,USA,23143,4/1/20
Shelbyville,USA,22552,4/1/20
Sheldon,USA,5381,4/1/20
Shelley,USA,5109,4/1/20
Shelton,USA,14907,4/1/20
Shenandoah,USA,4872,4/1/20
Shenandoah - Frackville,USA,12025,4/1/20
Sheridan,USA,4710,4/1/20
Sheridan,USA,6464,4/1/20
Sheridan,USA,19430,4/1/20
Sherman - Denison,USA,66691,4/1/20
Shinnston,USA,4361,4/1/20
Shippensburg,USA,17014,4/1/20
Shiprock,USA,6190,4/1/20
Show Low,USA,12173,4/1/20
Shreveport,USA,288052,4/1/20
Sidney,USA,6522,4/1/20
Sidney,USA,6232,4/1/20
Sidney,USA,4247,4/1/20
Sidney,USA,20734,4/1/20
Sierra Vista,USA,54274,4/1/20
Sikeston,USA,17683,4/1/20
Siler City,USA,8616,4/1/20
Siloam Springs,USA,18027,4/1/20
Silsbee,USA,9234,4/1/20
Silver City,USA,11817,4/1/20
Silver Creek,USA,3566,4/1/20
Silver Lakes,USA,5908,4/1/20
Silverthorne - Keystone,USA,13867,4/1/20
Silverton,USA,10909,4/1/20
Simi Valley,USA,127364,4/1/20
Sinton,USA,5661,4/1/20
Sioux Center,USA,8222,4/1/20
Sioux City,USA,113066,4/1/20
Sioux Falls,USA,194283,4/1/20
Sitka,USA,7668,4/1/20
Skiatook,USA,7342,4/1/20
Skowhegan,USA,4795,4/1/20
Slatington,USA,8362,4/1/20
Slaton,USA,5678,4/1/20
Slidell,USA,91587,4/1/20
Slippery Rock,USA,7226,4/1/20
Smithfield,USA,21921,4/1/20
Smithfield,USA,9725,4/1/20
Smithville,USA,4825,4/1/20
Smithville,USA,9684,4/1/20
Snoqualmie,USA,17070,4/1/20
Snowflake,USA,5342,4/1/20
Snowmass Village,USA,2392,4/1/20
Snyder,USA,11547,4/1/20
Socorro,USA,8122,4/1/20
Soldotna,USA,4646,4/1/20
Soledad,USA,18946,4/1/20
Solvang - Santa Ynez,USA,10295,4/1/20
Somerset,USA,30832,4/1/20
Somerset,USA,10098,4/1/20
Somerton,USA,13847,4/1/20
Sonoma,USA,31479,4/1/20
Sonora - Twain Harte,USA,29013,4/1/20
Sonterra,USA,9024,4/1/20
South Bend,USA,278921,4/1/20
South Berwick,USA,5584,4/1/20
South Boston,USA,7413,4/1/20
Southbridge Town,USA,20789,4/1/20
South Haven,USA,6357,4/1/20
South Hill,USA,5076,4/1/20
South Lake Tahoe,USA,31363,4/1/20
South Lyon - Hamburg - Genoa,USA,145963,4/1/20
South Paris,USA,4371,4/1/20
South Pittsburg - Bridgeport,USA,4687,4/1/20
Sparta,USA,5630,4/1/20
Sparta,USA,5691,4/1/20
Sparta,USA,10185,4/1/20
Spartanburg,USA,196943,4/1/20
Spearfish,USA,13206,4/1/20
Spencer,USA,10967,4/1/20
Spencer,USA,8196,4/1/20
Spicer - New London,USA,3358,4/1/20
Spirit Lake,USA,12956,4/1/20
Spokane,USA,447279,4/1/20
Spout Springs,USA,18281,4/1/20
Springfield,USA,159265,4/1/20
Springfield,USA,442145,4/1/20
Springfield,USA,282651,4/1/20
Springfield,USA,82369,4/1/20
Springfield,USA,18430,4/1/20
Springfield,USA,5140,4/1/20
Spring Hill ( Brooksville ),USA,169050,4/1/20
Spring Hill,USA,7344,4/1/20
Springhill,USA,5931,4/1/20
Spring Hill,USA,60309,4/1/20
Stafford Springs,USA,5107,4/1/20
St. Albans,USA,11368,4/1/20
Stansbury Park,USA,12804,4/1/20
Stanwood,USA,7678,4/1/20
Star,USA,10673,4/1/20
Starke,USA,6486,4/1/20
Starkville,USA,32812,4/1/20
State College,USA,83674,4/1/20
Statesboro,USA,44488,4/1/20
Statesville,USA,39829,4/1/20
St. Augustine,USA,91786,4/1/20
Staunton,USA,4866,4/1/20
Staunton - Waynesboro,USA,59065,4/1/20
Stayton,USA,11122,4/1/20
St. Clair,USA,6303,4/1/20
St. Cloud,USA,117638,4/1/20
Steamboat Springs,USA,14455,4/1/20
Ste. Genevieve,USA,4988,4/1/20
Stephenville,USA,20852,4/1/20
Sterling,USA,12278,4/1/20
Sterling,USA,27602,4/1/20
Steubenville - Weirton,USA,64981,4/1/20
Stevens Point,USA,44185,4/1/20
Stevensville - Chester - Romancoke,USA,18874,4/1/20
Stewartville,USA,6635,4/1/20
St. Francis,USA,6157,4/1/20
St. George,USA,134109,4/1/20
St. Helen,USA,2522,4/1/20
St. Helena,USA,6086,4/1/20
St. Helens,USA,19112,4/1/20
St. Ignace,USA,3457,4/1/20
Stillwater,USA,31474,4/1/20
Stillwater,USA,48237,4/1/20
St. James,USA,7029,4/1/20
St. James City,USA,2055,4/1/20
St. Johns,USA,8370,4/1/20
St. Johnsbury,USA,4883,4/1/20
St. Joseph,USA,77187,4/1/20
St. Louis,USA,2156323,4/1/20
St. Martinville,USA,6399,4/1/20
St. Marys,USA,9452,4/1/20
St. Marys,USA,9402,4/1/20
Stockton,USA,414847,4/1/20
Storm Lake,USA,11860,4/1/20
Storrs,USA,17747,4/1/20
Stoughton,USA,15511,4/1/20
St. Peter,USA,12145,4/1/20
Strasburg,USA,7572,4/1/20
Streator,USA,16209,4/1/20
Sturgeon Bay,USA,9429,4/1/20
Sturgis,USA,11943,4/1/20
Sturgis,USA,7076,4/1/20
Stuttgart,USA,8132,4/1/20
Suffolk,USA,42480,4/1/20
Sugarmill Woods,USA,12948,4/1/20
Sullivan,USA,4414,4/1/20
Sullivan,USA,4874,4/1/20
Sullivan,USA,7227,4/1/20
Sullivan - Sylvan Beach,USA,3251,4/1/20
Sulphur,USA,4847,4/1/20
Sulphur Springs,USA,14683,4/1/20
Sultan,USA,5665,4/1/20
Summerset,USA,5325,4/1/20
Summerville,USA,10227,4/1/20
Summit Park,USA,7317,4/1/20
Sumter,USA,68825,4/1/20
Sunbury,USA,7017,4/1/20
Sunbury,USA,28249,4/1/20
Sunderland - South Deerfield,USA,5048,4/1/20
Sunnyside,USA,17140,4/1/20
Susanville,USA,8995,4/1/20
Sutherlin,USA,9656,4/1/20
Swainsboro,USA,7251,4/1/20
Swansboro - Cedar Point,USA,20542,4/1/20
Swatara ( Jonestown - Fredericksburg ),USA,6312,4/1/20
Sweet Home,USA,10088,4/1/20
Sweetwater,USA,6468,4/1/20
Sweetwater,USA,10372,4/1/20
Sylacauga,USA,16980,4/1/20
Sylva,USA,5118,4/1/20
Sylvester,USA,6146,4/1/20
Syracuse,USA,7393,4/1/20
Syracuse,USA,413660,4/1/20
Taft,USA,15022,4/1/20
Tahlequah,USA,17975,4/1/20
Talladega,USA,12609,4/1/20
Tallahassee,USA,252934,4/1/20
Tallulah,USA,6988,4/1/20
Tama,USA,5263,4/1/20
Tamaqua,USA,15158,4/1/20
Tampa - St. Petersburg,USA,2783045,4/1/20
Taneytown,USA,7158,4/1/20
Taos,USA,15665,4/1/20
Tarboro,USA,12059,4/1/20
Taylor,USA,15147,4/1/20
Taylorville,USA,11525,4/1/20
Tazewell,USA,4666,4/1/20
Tea,USA,5595,4/1/20
Tecumseh,USA,13684,4/1/20
Tehachapi - Golden Hills,USA,17298,4/1/20
Tell City,USA,9541,4/1/20
Tellico Village,USA,7156,4/1/20
Telluride - Mountain Village,USA,4587,4/1/20
Temecula - Murrieta - Menifee,USA,528991,4/1/20
Temple,USA,114632,4/1/20
Terre Haute,USA,79862,4/1/20
Terrell,USA,16581,4/1/20
Texarkana,USA,78744,4/1/20
The Dalles,USA,17398,4/1/20
The Pinery,USA,14662,4/1/20
The Villages - Lady Lake,USA,161736,4/1/20
The Woodlands - Conroe,USA,402454,4/1/20
Thief River Falls,USA,8892,4/1/20
Thomaston,USA,14765,4/1/20
Thomasville,USA,25231,4/1/20
Thomson,USA,8788,4/1/20
Thousand Oaks,USA,213986,4/1/20
Three Rivers,USA,10166,4/1/20
Thurmont,USA,6789,4/1/20
Tiffin,USA,20284,4/1/20
Tifton,USA,24580,4/1/20
Tillamook,USA,6166,4/1/20
Tiltonsville - Brilliant,USA,4115,4/1/20
Tippecanoe,USA,3713,4/1/20
Tipton,USA,5668,4/1/20
Titusville,USA,62459,4/1/20
Titusville,USA,5219,4/1/20
Toccoa,USA,11807,4/1/20
Toledo,USA,497952,4/1/20
Tomah,USA,9818,4/1/20
Tonganoxie,USA,5489,4/1/20
Tooele,USA,34892,4/1/20
Topeka,USA,148956,4/1/20
Toppenish,USA,10057,4/1/20
Torrington,USA,35212,4/1/20
Torrington,USA,6436,4/1/20
Towanda,USA,4029,4/1/20
Tracy - Mountain House,USA,120912,4/1/20
Traverse City - Garfield,USA,56890,4/1/20
Treasure Lake,USA,4677,4/1/20
Tremonton,USA,11898,4/1/20
Trenton,USA,5426,4/1/20
Trenton ( incl. Twin Rivers - Hightstown ),USA,370422,4/1/20
Tri-City - Myrtle Creek,USA,8656,4/1/20
Trinidad,USA,8323,4/1/20
Troy,USA,14466,4/1/20
Troy,USA,16669,4/1/20
Troy,USA,43259,4/1/20
Truckee,USA,12756,4/1/20
Trumann,USA,7233,4/1/20
Truth or Consequences,USA,7713,4/1/20
Tuba City,USA,7942,4/1/20
Tucson,USA,875441,4/1/20
Tucumcari,USA,5217,4/1/20
Tulare,USA,70628,4/1/20
Tullahoma,USA,19297,4/1/20
Tulsa,USA,722810,4/1/20
Tupelo,USA,40233,4/1/20
Tupper Lake,USA,3683,4/1/20
Turlock,USA,79203,4/1/20
Tuscaloosa,USA,156450,4/1/20
Tuscola,USA,4942,4/1/20
Tuskegee,USA,9003,4/1/20
Twentynine Palms,USA,12881,4/1/20
Twentynine Palms North ( Twentynine Palms Base ),USA,11665,4/1/20
Twin Falls,USA,58808,4/1/20
Twin Lakes,USA,12603,4/1/20
Tybee Island,USA,3316,4/1/20
Tyler,USA,131028,4/1/20
Tyrone,USA,10442,4/1/20
Ukiah,USA,28987,4/1/20
Ulysses,USA,5865,4/1/20
Union,USA,12019,4/1/20
Union,USA,9729,4/1/20
Union City,USA,5079,4/1/20
Union City,USA,10605,4/1/20
Union Grove,USA,5899,4/1/20
Uniontown,USA,32560,4/1/20
Upper Sandusky,USA,6628,4/1/20
Urbana,USA,12966,4/1/20
Urbana,USA,11122,4/1/20
Utica,USA,119059,4/1/20
Uvalde,USA,15926,4/1/20
Vacaville,USA,101027,4/1/20
Vail,USA,12835,4/1/20
Vail,USA,6080,4/1/20
Valdosta,USA,76769,4/1/20
Vallejo,USA,175132,4/1/20
Valley City,USA,6547,4/1/20
Valley - Lanett,USA,20466,4/1/20
Valparaiso - Shorewood Forest,USA,51867,4/1/20
Vandalia,USA,8110,4/1/20
Van Wert,USA,11069,4/1/20
Veneta,USA,6987,4/1/20
Vermillion,USA,11659,4/1/20
Vernal,USA,19620,4/1/20
Vernon,USA,9524,4/1/20
Vero Beach - Sebastian,USA,174292,4/1/20
Versailles,USA,16855,4/1/20
Vicksburg,USA,25888,4/1/20
Victoria,USA,65986,4/1/20
Victorville - Hesperia - Apple Valley,USA,355816,4/1/20
Vidalia,USA,13709,4/1/20
Village of Four Seasons,USA,7489,4/1/20
Village of Oak Creek ( Big Park ),USA,6128,4/1/20
Villa Rica,USA,23202,4/1/20
Ville Platte,USA,8097,4/1/20
Vincennes,USA,19800,4/1/20
Vineland,USA,87226,4/1/20
Vineyard Haven - Edgartown - Oak Bluffs,USA,14064,4/1/20
Vinita,USA,5068,4/1/20
Vinton,USA,4780,4/1/20
Virginia,USA,12724,4/1/20
Virginia Beach - Norfolk,USA,1451578,4/1/20
Viroqua,USA,3987,4/1/20
Visalia,USA,160578,4/1/20
Vistancia ( Peoria ),USA,19593,4/1/20
Wabash,USA,10254,4/1/20
Waco,USA,192844,4/1/20
Waconia,USA,13048,4/1/20
Wadena,USA,4110,4/1/20
Wadesboro,USA,4903,4/1/20
Wagoner,USA,7470,4/1/20
Wahoo,USA,4782,4/1/20
Wahpeton,USA,11290,4/1/20
Waikoloa Village,USA,6824,4/1/20
Walden ( incl. Maybrook ),USA,15784,4/1/20
Waldorf ( St. Charles ),USA,118601,4/1/20
Waldport,USA,5394,4/1/20
Wales,USA,5364,4/1/20
Walhalla,USA,5392,4/1/20
Walla Walla,USA,50013,4/1/20
Walnut Ridge,USA,6540,4/1/20
Walterboro,USA,9229,4/1/20
Wamego,USA,4899,4/1/20
Wapakoneta,USA,10849,4/1/20
Wapato,USA,7071,4/1/20
Ware,USA,5662,4/1/20
Warner Robins,USA,141132,4/1/20
Warren,USA,5278,4/1/20
Warren,USA,14294,4/1/20
Warrensburg,USA,19934,4/1/20
Warrenton,USA,9398,4/1/20
Warrenton - New Baltimore,USA,24437,4/1/20
Warsaw,USA,29904,4/1/20
Warwick,USA,7084,4/1/20
Wasco,USA,22235,4/1/20
Waseca,USA,9211,4/1/20
Washington,USA,12920,4/1/20
Washington,USA,6846,4/1/20
Washington,USA,14616,4/1/20
Washington,USA,10138,4/1/20
Washington,USA,16509,4/1/20
Washington - Arlington,USA,5174759,4/1/20
Washington Court House,USA,15029,4/1/20
Wasilla - Knik-Fairview - North Lakes,USA,53444,4/1/20
Waterbury,USA,199317,4/1/20
Waterford,USA,9746,4/1/20
Waterloo,USA,9933,4/1/20
Waterloo,USA,114139,4/1/20
Watertown,USA,51832,4/1/20
Watertown,USA,20643,4/1/20
Watertown,USA,22712,4/1/20
Waterville,USA,25529,4/1/20
Watford City,USA,6687,4/1/20
Watseka,USA,4671,4/1/20
Watsonville,USA,68668,4/1/20
Wauchula,USA,9790,4/1/20
Waupaca,USA,8293,4/1/20
Waupun,USA,11673,4/1/20
Wausau,USA,77429,4/1/20
Wauseon,USA,7623,4/1/20
Waverly,USA,9159,4/1/20
Waverly,USA,4969,4/1/20
Waycross,USA,24985,4/1/20
Wayland,USA,4957,4/1/20
Wayne,USA,5980,4/1/20
Waynesboro,USA,6103,4/1/20
Waynesboro,USA,22267,4/1/20
Waynesburg,USA,8754,4/1/20
Waynesville,USA,24285,4/1/20
Weatherford,USA,12076,4/1/20
Weatherford,USA,48112,4/1/20
Webster City,USA,7606,4/1/20
Weiser,USA,5599,4/1/20
Wellington,USA,11071,4/1/20
Wellington,USA,7398,4/1/20
Wellington,USA,4783,4/1/20
Wellston,USA,5655,4/1/20
Wellsville,USA,5339,4/1/20
Wenatchee ( incl. Cashmere ),USA,78142,4/1/20
Wendell,USA,8915,4/1/20
West Bend,USA,34552,4/1/20
West Columbia,USA,5888,4/1/20
Westerly,USA,30955,4/1/20
West Frankfort,USA,7935,4/1/20
West Jefferson - Lake Darby,USA,8828,4/1/20
West Milford ( Hewitt - Greenwood Lake ),USA,17659,4/1/20
West Milton,USA,4646,4/1/20
Westminster,USA,40040,4/1/20
Weston,USA,4430,4/1/20
West Plains,USA,11852,4/1/20
West Point,USA,8134,4/1/20
West Point - Highland Falls,USA,12156,4/1/20
West Salem,USA,5557,4/1/20
Westville,USA,5189,4/1/20
West Wendover,USA,5238,4/1/20
Wetumpka,USA,6488,4/1/20
Wharton,USA,8526,4/1/20
Wheeling,USA,57695,4/1/20
Whitefish,USA,7898,4/1/20
Whitehall,USA,8678,4/1/20
White House,USA,15587,4/1/20
Whitehouse,USA,9139,4/1/20
Whiteman AFB - Knob Noster,USA,5577,4/1/20
White Rock,USA,5169,4/1/20
Whiteville,USA,5216,4/1/20
Whitewater,USA,14544,4/1/20
Wichita,USA,500231,4/1/20
Wichita Falls,USA,97039,4/1/20
Wickenburg,USA,4801,4/1/20
Wildwood,USA,13899,4/1/20
Wilkesboro - North Wilkesboro,USA,19890,4/1/20
Willard,USA,6854,4/1/20
Willard,USA,6666,4/1/20
Williams,USA,5558,4/1/20
Williamsburg,USA,6365,4/1/20
Williamsburg,USA,89585,4/1/20
Williamsport,USA,55344,4/1/20
Williamston,USA,4850,4/1/20
Williamston,USA,5522,4/1/20
Williamston,USA,10350,4/1/20
Willimantic,USA,24332,4/1/20
Williston,USA,29510,4/1/20
Willits,USA,7552,4/1/20
Willmar,USA,21586,4/1/20
Willows,USA,7578,4/1/20
Wilmington,USA,6388,4/1/20
Wilmington,USA,255329,4/1/20
Wilmington,USA,12546,4/1/20
Wilmore,USA,5727,4/1/20
Wilson,USA,48326,4/1/20
Winchendon,USA,4866,4/1/20
Winchester,USA,4797,4/1/20
Winchester,USA,26253,4/1/20
Winchester,USA,12702,4/1/20
Winchester,USA,83377,4/1/20
Winder,USA,50189,4/1/20
Wind Lake,USA,4856,4/1/20
Winfield,USA,11617,4/1/20
Winnemucca,USA,10546,4/1/20
Winnfield,USA,4671,4/1/20
Winnsboro,USA,5142,4/1/20
Winnsboro,USA,4710,4/1/20
Winona,USA,29633,4/1/20
Winslow,USA,7667,4/1/20
Winsted,USA,7804,4/1/20
Winston-Salem,USA,420924,4/1/20
Winter Haven,USA,253251,4/1/20
Winters,USA,7073,4/1/20
Winterset,USA,5077,4/1/20
Wisconsin Rapids,USA,29550,4/1/20
Wise - Norton,USA,8913,4/1/20
Woodburn,USA,27577,4/1/20
Woodlake,USA,7514,4/1/20
Woodland,USA,61133,4/1/20
Woodland,USA,7217,4/1/20
Woodland Park,USA,11548,4/1/20
Woodmont,USA,6673,4/1/20
Woodstock,USA,25298,4/1/20
Woodstock,USA,5852,4/1/20
Woodward,USA,11458,4/1/20
Wooster,USA,32449,4/1/20
Worcester,USA,482085,4/1/20
Worland,USA,4889,4/1/20
World Golf Village,USA,19679,4/1/20
Worthington,USA,13800,4/1/20
Worth - Lexington,USA,3310,4/1/20
Wrightwood,USA,3927,4/1/20
Wynne,USA,7564,4/1/20
Wytheville,USA,7154,4/1/20
Xenia,USA,26614,4/1/20
Yakima,USA,133145,4/1/20
Yankton,USA,16022,4/1/20
Yazoo City,USA,15060,4/1/20
Yelm,USA,14924,4/1/20
Yoakum,USA,5598,4/1/20
York,USA,7968,4/1/20
York,USA,238549,4/1/20
York,USA,8631,4/1/20
Youngstown,USA,320901,4/1/20
Yreka,USA,7617,4/1/20
Yuba City,USA,125706,4/1/20
Yucca Valley,USA,18293,4/1/20
Yuma,USA,135717,4/1/20
Zachary,USA,16600,4/1/20
Zanesville,USA,42301,4/1/20
Zapata - Medina,USA,10942,4/1/20
Zebulon,USA,8158,4/1/20
Zephyrhills,USA,55133,4/1/20
Zimmerman,USA,6360,4/1/20