City,Country,Population (2025)
Kashgar,China,498252.3938
Erdenet,Mongolia,97742.69941
Kyauktaw,Myanmar,70158.66716
Banda Aceh,Indonesia,361009.8213
Chiang Mai,Thailand,692241.9926
Luang Prabang,Laos,64254.19015
Điện Biên Phủ,Vietnam,58921.92219
George Town,Malaysia,756640.6066
Sampov Lun,Cambodia,79073.75538
Singapore,Singapore,5117758.838
Sinuiju,North Korea,308839.8878
Daegot,South Korea,69843.57203
Dazhuang,Taiwan,244948.877
Bandar Seri Begawan,Brunei,77223.5136
Otaru,Japan,94127.76344
Laoag,Philippines,105064.4204
Dili,Timor-Leste,381794.1787
Artush,China,120960.6131
Ulaanbaatar,Mongolia,1634096.557
Kalay,Myanmar,185720.5413
Sigli,Indonesia,69196.8551
Lamphun,Thailand,80879.0977
Lào Cai,Vietnam,75157.5087
Vientiane,Laos,166270.5857
Alor Setar,Malaysia,248043.1278
Khum Pech Chenda,Cambodia,57967.44734
Sembawang,Singapore,960307.9249
락원1동,North Korea,101106.3152
Seoul,South Korea,22261691.61
Zhanghua City,Taiwan,437759.5352
Lambak,Brunei,69096.58322
Sapporo,Japan,1931423.54
Vigan,Philippines,106313.5274
Yengisar,China,55958.45122
Sittwe,Myanmar,97568.24744
Meulaboh,Indonesia,54167.24106
Chiang Rai,Thailand,121858.4241
Sơn La,Vietnam,61983.21883
Bukit Mertajam,Malaysia,497722.4993
Poipet,Cambodia,151630.9755
Pakse,Laos,98333.56369
Ryongampho-rodongjagu,North Korea,72747.59738
Paju,South Korea,71609.01092
Hsinchu,Taiwan,713496.8363
Karatsu,Japan,64684.71856
San Fernando,Philippines,124412.0823
Tacheng,China,105710.4656
Mrauk U,Myanmar,75863.88942
Lampang,Thailand,186293.6132
Bireuen,Indonesia,126314.0849
Sungai Petani,Malaysia,299735.6292
Phù Yên,Vietnam,53084.42451
Phsar Prom,Cambodia,73345.10549
Ryongchon,North Korea,125350.194
Gimpo,South Korea,181337.436
Toufen,Taiwan,159777.0268
Sasebo,Japan,137771.8533
Dagupan [Lingayen],Philippines,973315.6161
香班哈日根牧场,China,90586.26665
Minbya,Myanmar,77260.81728
Takengon,Indonesia,75325.11431
Kamphaeng Phet,Thailand,75599.09591
Simpang Ampat,Malaysia,54420.4424
Yên Bái,Vietnam,80525.08895
Pailin,Cambodia,51100.16794
Sakju,North Korea,61743.82548
Dongducheon,South Korea,173107.4896
Miaoli,Taiwan,75402.56371
Asahikawa,Japan,288867.3205
Agoo,Philippines,69438.70557
Yining/Qulja,China,428152.2279
Kyaukpyu,Myanmar,97538.82642
Lhokseumawe,Indonesia,68632.80115
Phrae,Thailand,52750.32762
Parit Buntar,Malaysia,52329.68847
Làng Giao,Vietnam,83224.46374
Battambang,Cambodia,129058.1775
옥정신도시,South Korea,51981.03214
Taichung,Taiwan,2318377.157
Fukuoka,Japan,2213305.216
San Carlos,Philippines,69497.33157
Emin/Dörbiljin,China,71929.34083
Hpakant,Myanmar,258318.0635
Uttaradit,Thailand,105376.9767
Gunungsitoli,Indonesia,72423.76523
Kulim,Malaysia,204981.3712
Việt Trì,Vietnam,105305.2988
Anlong Veng,Cambodia,322702.24
Tongrim,North Korea,112040.295
Hwado,South Korea,163088.0682
Yuanlin City,Taiwan,286803.6363
Kitakyushu,Japan,1208934.612
Baguio,Philippines,599130.3407
Yarkand,China,165031.4227
Monywa,Myanmar,248190.6749
Phitsanulok,Thailand,187729.0369
Langsa,Indonesia,132656.0761
Taiping,Malaysia,211512.2714
Trung Hà,Vietnam,58506.55776
Siem Reap,Cambodia,315248.1625
Manpo,North Korea,80985.71524
Bongdam,South Korea,75417.32379
Taipei,Taiwan,9686521.352
Omura,Japan,67616.2621
Bayambang,Philippines,87334.41371
Anarkol,China,65475.0685
Mohnyin,Myanmar,104514.3101
Kanchanaburi,Thailand,66056.75363
Teluk Dalam,Indonesia,56870.42792
Sitiawan,Malaysia,89534.56367
Tam Hồng,Vietnam,155999.3969
Phumi Roessei,Cambodia,174455.2704
Taeryonggang,North Korea,58690.79909
Chuncheon,South Korea,229165.1681
Zhudong,Taiwan,51506.32929
Nagasaki,Japan,297630.7671
Urdaneta,Philippines,109963.229
Kargilik,China,134156.5142
Nyaung-U,Myanmar,50521.86037
Ranong,Thailand,139735.9068
Kuala Simpang,Indonesia,63838.39908
Ipoh,Malaysia,861932.7849
Hòa Bình,Vietnam,63609.17405
Sonchon,North Korea,136206.6551
Hyangnam,South Korea,81537.9875
Nantou City,Taiwan,159654.4889
Saga,Japan,121011.6668
Puerto Princesa,Philippines,193911.4386
Aksu,China,293004.783
Chauk,Myanmar,66928.92777
Choeng Thale,Thailand,188937.369
Pangkalan Brandan,Indonesia,95232.87155
Teluk Intan,Malaysia,78333.67209
Vĩnh Yên,Vietnam,112365.1424
Trapeang Prasat,Cambodia,240741.1963
백운동,North Korea,70035.03709
Jangdeung-ri,South Korea,76531.55945
Xinying District,Taiwan,55800.24659
Iizuka,Japan,89884.04132
Subic,Philippines,119645.9421
Karamay,China,311815.0923
Pakokku,Myanmar,108199.1933
Pa Tong,Thailand,91129.79561
Sidiangkat,Indonesia,71866.72622
Sơn Tây,Vietnam,166455.3524
Bandar Armada Putra,Malaysia,66575.99874
Sihanoukville,Cambodia,98756.90537
Kusong,North Korea,120317.4793
Pyeongtaek,South Korea,159972.3277
Gonghuakeng,Taiwan,179246.0603
Tosu,Japan,85007.80932
Rosales,Philippines,93043.38575
Aral,China,65117.42214
Katha,Myanmar,62100.79665
Phuket,Thailand,462803.9857
Medan,Indonesia,4350623.852
Thái Nguyên,Vietnam,258449.7311
Kuala Lumpur,Malaysia,8413205.796
Kanggye,North Korea,314914.8948
Asan-si,South Korea,72556.20763
Chiayi,Taiwan,460979.1798
Isahaya,Japan,72189.21841
Paniqui,Philippines,54596.65769
Wusu,China,75873.74672
Mogaung,Myanmar,64597.07203
Nakhon Sawan,Thailand,101773.6424
Stabat,Indonesia,114358.8591
Phúc Yên,Vietnam,75630.6504
Rawang,Malaysia,189477.1524
Phnom Penh,Cambodia,2419130.754
Kwaksan,North Korea,91764.46862
Cheonan-si,South Korea,431792.8638
Tainan,Taiwan,1010791.827
Chitose,Japan,56643.07707
Olongapo,Philippines,181188.2369
Altay,China,63645.80908
Shwebo,Myanmar,110696.7383
Ratchaburi,Thailand,62172.8763
Kabanjahe,Indonesia,91803.03873
Phùng,Vietnam,118558.9163
Bukit Sentosa,Malaysia,61740.05096
Jongju,North Korea,200379.0762
Sokcho,South Korea,71648.16006
Ô-á-liâu / Kezihliao,Taiwan,121525.7604
Kurume,Japan,175770.6648
Tarlac City,Philippines,198264.4629
Kuytun,China,116459.5527
Taungup,Myanmar,70047.52695
Suphan Buri,Thailand,89153.15516
Berastagi,Indonesia,60117.00453
Quốc Oai,Vietnam,109654.6872
Putrajaya,Malaysia,109245.0835
Taechon,North Korea,79121.96544
Wonju,South Korea,218040.8651
Kaohsiung,Taiwan,2294771.919
Ube,Japan,135055.5168
Bamban,Philippines,62803.80957
Dushanzi,China,52694.22437
Kyaukpadaung,Myanmar,71804.05645
Chumphon,Thailand,60255.18163
Lubuk Pakam,Indonesia,82884.25523
Hanoi,Vietnam,4965520
Kampung Rinching Hulu,Malaysia,73031.33373
Unsan,North Korea,79226.49106
Gunsan-si,South Korea,177646.505
Pingtung City,Taiwan,168476.7096
Muroran,Japan,94643.53658
Angeles,Philippines,1513047.47
Kuqa,China,158060.2285
Myingyan,Myanmar,127336.8229
Nakhon Pathom,Thailand,185770.9105
Sibolga,Indonesia,71382.17315
Đông Anh,Vietnam,295748.4363
Seremban,Malaysia,402053.085
Unjon,North Korea,95306.06364
Cheongju-si,South Korea,691161.3489
Yilan City,Taiwan,76045.02929
Yame,Japan,65723.74197
Floridablanca,Philippines,83923.76066
Karakash,China,66753.78554
Magway,Myanmar,130500.5525
Phetchaburi,Thailand,84638.84517
Pandan,Indonesia,84495.87501
Viên An,Vietnam,82380.90109
Kota Bharu,Malaysia,420612.7065
Dong-an,North Korea,67198.79267
Chungju-si,South Korea,98241.69079
Luodong,Taiwan,74847.49076
Yamaguchi,Japan,83340.42366
Orani,Philippines,148769.3366
Hotan,China,216546.4006
Shwegu,Myanmar,72144.75104
Ban Phaeo,Thailand,144651.001
Perbaungan,Indonesia,66037.14823
Đại Nghĩa,Vietnam,79652.8672
Malacca City,Malaysia,544035.188
전평동,North Korea,72022.61359
Daejeon,South Korea,1504228.783
Hualien,Taiwan,137532.6526
Tomakomai,Japan,139137.2441
Bayombong,Philippines,84948.22381
Shihezi,China,396592.2642
Myitkyina,Myanmar,375202.7822
Bangkok,Thailand,19048031.94
Tarutung,Indonesia,54107.2011
Bắc Ninh,Vietnam,227797.2402
Muar,Malaysia,127386.1714
Chongnam,North Korea,92987.70935
Iksan-si,South Korea,154558.9406
Taitung,Taiwan,67626.00185
Omuta,Japan,132811.3482
Manila,Philippines,25921189.32
Changji/Sanji,China,367277.6822
Waimaw,Myanmar,81814.09913
Lop Buri,Thailand,422600.1813
Pematang Siantar,Indonesia,448227.5027
Bắc Giang,Vietnam,185730.7615
Segamat,Malaysia,58928.7851
Huichon,North Korea,144336.6723
Gangneung,South Korea,118784.0529
Izumo,Japan,59258.55833
Balanga,Philippines,130880.4727
Keriya,China,67786.57118
Sagaing,Myanmar,170879.1824
Surat Thani,Thailand,91182.77714
Tebing Tinggi,Indonesia,260317.7879
Phu Xuyen,Vietnam,88887.42859
Kuala Terengganu,Malaysia,267205.658
Sinanju,North Korea,111208.8681
Jecheon-si,South Korea,71243.52484
Hofu,Japan,79734.21269
Mariveles,Philippines,56664.66626
Wujiaqu,China,59339.51499
Madaya,Myanmar,62962.7064
Phra Nakhon Si Ayutthaya,Thailand,206443.8008
Padang Sidempuan,Indonesia,243598.056
Quế Võ,Vietnam,54758.69047
Batu Pahat,Malaysia,148438.5671
남흥동,North Korea,93354.90841
Jeonju,South Korea,631782.4724
Matsue,Japan,106205.1141
San Jose,Philippines,91740.46784
51 farm of 12th division,China,81144.72134
Mandalay,Myanmar,1849445.916
Loei,Thailand,62817.55716
Kisaran,Indonesia,192082.7252
Phủ Lý,Vietnam,127075.5219
Bukit Rangin,Malaysia,84241.09251
Anju,North Korea,109767.148
Mokpo-si,South Korea,228461.957
Hakodate,Japan,263045.4364
Talavera,Philippines,78751.35634
Ürümqi,China,3974257.143
Mogok,Myanmar,101355.6866
Saraburi,Thailand,93664.12246
Panyabungan,Indonesia,105016.2458
Kẻ Sặt,Vietnam,59466.24517
Kuantan,Malaysia,281247.0157
Hyangsan,North Korea,53378.07083
Gwangju,South Korea,1428491.527
Shunan,Japan,147107.0491
Tuguegarao,Philippines,145907.601
Fukang,China,116585.4084
Bhamo,Myanmar,107913.0742
Trang,Thailand,63833.77259
Pasaman,Indonesia,50501.65434
Vĩnh Trụ,Vietnam,70088.23197
Dungun,Malaysia,62923.30326
Mundok,North Korea,53189.97928
Andong-si,South Korea,58404.79335
Kumamoto,Japan,624647.9432
Arayat,Philippines,89810.37463
Korla,China,871121.0418
Aunglan,Myanmar,78979.1826
Chon Buri,Thailand,263105.7563
Gunung Tua,Indonesia,50644.5897
Hưng Yên,Vietnam,99470.03697
Chukai,Malaysia,60594.38884
Gumi-si,South Korea,286529.0675
Yonago,Japan,109841.0202
Cabanatuan,Philippines,287248.4353
Qitai,China,65792.59655
Kyaukse,Myanmar,90408.13002
Laem Chabang,Thailand,84423.58622
Tanjung Balai,Indonesia,274127.1091
Hải Dương,Vietnam,323387.3518
Kluang,Malaysia,157235.973
Kaechon,North Korea,200016.0768
Suncheon-si,South Korea,134690.6585
Kitami,Japan,79187.54395
Cabiao,Philippines,56704.03367
Gaochang,China,97924.14046
Meiktila,Myanmar,138447.3845
Nakhon Si Thammarat,Thailand,144814.1922
Rantau Prapat,Indonesia,197367.1466
Thanh Hoá,Vietnam,257053.7589
Kulai,Malaysia,152643.2532
Daegu,South Korea,2300085.2
Hiroshima,Japan,1150147.517
Gapan,Philippines,129420.2926
Hami,China,252811.8739
Taungdwingyi,Myanmar,54413.30692
Chachoengsao,Thailand,63482.12457
Lubuk Sikaping,Indonesia,58923.46739
Ninh Bình,Vietnam,122728.1183
Johor Bahru,Malaysia,1703323.736
Sukchon,North Korea,121500.0513
Taein-dong,South Korea,63172.81668
Yatsushiro,Japan,66957.02417
Apalit,Philippines,91790.64752
Shigatse,China,56969.81878
Wundwin,Myanmar,50800.60612
Pattaya,Thailand,253537.8758
Pasir Pengaraian,Indonesia,66962.99402
Bút Sơn,Vietnam,64984.56027
Onsong,North Korea,62436.15324
Kuching,Malaysia,587986.3854
Wolha-dong,South Korea,67570.41284
Iwakuni,Japan,109999.1576
Santiago,Philippines,108864.3597
Golmud,China,238703.5971
Pyin Oo Lwin,Myanmar,142389.97
Sattahip,Thailand,104827.5825
Padang,Indonesia,1210988.395
Lạng Sơn,Vietnam,95907.20418
Phyongwon,North Korea,98751.20421
Sibu,Malaysia,152038.4061
Jinju-si,South Korea,238454.3412
Beppu,Japan,108282.1854
Nasugbu,Philippines,65196.69186
Jiayuguan,China,199680.8329
Pyay,Myanmar,187737.3034
Prachin Buri,Thailand,62408.3094
Bukittinggi,Indonesia,264669.8513
Nam Định,Vietnam,349388.4224
Musan,North Korea,104490.6539
Bintulu,Malaysia,87443.1488
Jeju-si,South Korea,75587.03009
Kure,Japan,90952.92497
Calaca,Philippines,160190.8922
Nagqu,China,50126.33335
Pathein,Myanmar,226856.9312
Phatthalung,Thailand,71214.67643
Ujung Batu,Indonesia,87785.29883
Diêm Phổ,Vietnam,64606.76493
Onchon,North Korea,73587.71377
Miri,Malaysia,60795.78137
Oita,Japan,363331.9904
Tagaytay,Philippines,75412.74253
Lhasa,China,273179.3853
Nawnghkio,Myanmar,77553.71962
Map Ta Phut,Thailand,61709.90821
Batusangkar,Indonesia,57258.95836
Cầu Giát,Vietnam,84610.33872
Hyesan,North Korea,241782.0032
Pohang-si,South Korea,373322.8152
Pangkalan,Malaysia,68878.22358
Obihiro,Japan,150606.1993
Lemery,Philippines,179371.0809
Jiuquan,China,181624.8162
Myan Aung,Myanmar,77992.52947
Udon Thani,Thailand,95392.18628
Payakumbuh,Indonesia,102434.2382
Ninh Binh,Vietnam,54469.06595
Tokchon,North Korea,172194.1775
Changwon,South Korea,668434.074
Kampong Pulau Melayu,Malaysia,68708.97955
Tottori,Japan,116729.8014
Zhangye,China,198224.3811
Kyaukme,Myanmar,105406.411
Nakhon Ratchasima,Thailand,203234.4501
Solok,Indonesia,71638.04169
Diễn Châu,Vietnam,79597.2858
Sunchon,North Korea,127153.901
Gyeongju-si,South Korea,60566.64042
Kota Kinabalu,Malaysia,810842.9574
Kagoshima,Japan,453832.6175
Binangonan,Philippines,293688.7855
Yushu,China,58926.93091
Paungde,Myanmar,64670.13439
Hat Yai,Thailand,436776.6838
Bagan Siapi-api,Indonesia,159772.9389
Sầm Sơn,Vietnam,50871.96229
Buheung-dong,North Korea,59352.06208
Hallim-myeon,South Korea,69402.39993
Keningau,Malaysia,85311.6162
Aira,Japan,53302.9709
Batangas City,Philippines,430499.2173
Jinchang,China,144054.6567
Labutta,Myanmar,103422.0716
Klaeng,Thailand,55208.482
Bangkinang,Indonesia,171394.0322
Phú Liên,Vietnam,69560.05686
고산리,North Korea,73898.73726
Jinhae-gu,South Korea,100843.6593
Sandakan,Malaysia,383442.0167
Fukuyama,Japan,355565.6717
Baras,Philippines,55545.8688
Huangyuan,China,50841.83262
Namhkam,Myanmar,94081.212
Songkhla,Thailand,229876.2417
Duri,Indonesia,327220.1214
Phát Diệm,Vietnam,79907.01294
Pyŏngsŏng,North Korea,330617.083
Tongyeong-si,South Korea,67757.29413
Tawau,Malaysia,365999.2715
Onomichi,Japan,96813.47055
Lipa,Philippines,767540.9348
Minqin,China,50612.85717
Myaung Mya,Myanmar,166741.7989
Khon Kaen,Thailand,297168.2923
Pekanbaru,Indonesia,1226040.608
Cổ Lễ,Vietnam,242591.1428
천성로동자구,North Korea,70734.56255
Gimhae,South Korea,259894.2523
Lahad Datu,Malaysia,116129.5884
Kirishima,Japan,73830.33072
Tanay,Philippines,97006.40613
Datong,China,73035.76982
Nattalin,Myanmar,66663.90609
Tha Chang,Thailand,154230.0311
Sungai Penuh,Indonesia,57357.7974
Ninh Cường,Vietnam,65653.63206
강서구역,North Korea,140675.9529
Yangsan,South Korea,164281.5269
Matsuyama,Japan,421736.146
Semporna,Malaysia,81049.4523
San Pablo,Philippines,303081.3123
Wuwei,China,128072.1642
Pyinmana [Nay Pyi Taw],Myanmar,556726.2982
Maha Sarakham,Thailand,63429.34953
Dumai,Indonesia,323944.472
Minh Tân,Vietnam,70957.1879
Hoeryong,North Korea,84155.22715
Geoje-si,South Korea,98970.54052
Aomori,Japan,179937.259
Rosario,Philippines,76439.81235
Shangguancun,China,57861.641
Kyaung Kone,Myanmar,56251.47234
Pattani,Thailand,81107.12031
Perawang,Indonesia,150236.2731
Đông Hưng,Vietnam,63699.51265
P'yŏngyang,North Korea,2868313.037
Sincheon-dong,South Korea,53649.4258
Tsuyama,Japan,62088.60021
Santa Cruz,Philippines,238966.2683
Xining,China,1423664.939
Muse,Myanmar,120325.1854
Kalasin,Thailand,68105.84154
Pangkalan Kerinci,Indonesia,126597.8017
Thái Bình,Vietnam,210638.1605
Kwail,North Korea,60546.38766
Cheongan-dong,South Korea,62767.12461
Imabari,Japan,82978.43562
Siniloan,Philippines,59310.6496
Huzhu,China,56715.95236
Lewe,Myanmar,59556.98163
Yala,Thailand,106986.7796
Muara Bungo,Indonesia,168081.0878
Vinh,Vietnam,349192.1858
천리마구역,North Korea,141377.9751
Ulsan,South Korea,887567.7324
Hirosaki,Japan,112130.7734
Tiaong,Philippines,83944.50913
Ping'an,China,53033.79468
Hsipaw,Myanmar,73645.71161
Buri Ram,Thailand,86145.12292
Arga Makmur,Indonesia,51191.38763
Hải Phòng,Vietnam,922306.6795
Pukchang,North Korea,89542.24564
웅상,South Korea,94568.49708
Nobeoka,Japan,91996.67035
Pagsanjan,Philippines,80546.58503
Haidong,China,63015.90257
Einme,Myanmar,56461.63463
Roi Et,Thailand,79445.66743
Bengkalis,Indonesia,89166.32684
Yên Định,Vietnam,71581.34684
재동로동자구,North Korea,59116.95303
Busan,South Korea,3263408.049
Okayama,Japan,847110.912
Nagcarlan,Philippines,117887.9887
Manzhouli,China,213243.208
Hinthada,Myanmar,200319.461
Sakon Nakhon,Thailand,67959.31919
Bengkulu,Indonesia,410417.4182
Uông Bí,Vietnam,66555.6505
Nampo,North Korea,144642.5036
Ayang,South Korea,85815.5846
Miyakonojo,Japan,93755.36024
Calapan,Philippines,86537.57438
Minhe,China,65965.04694
Gyobingauk,Myanmar,66425.31219
Nakhon Phanom,Thailand,63167.54343
Bangko,Indonesia,118735.0093
Núi Đối,Vietnam,81445.82645
Taean,North Korea,85171.52271
Niihama,Japan,143141.5699
Sariaya,Philippines,158212.0362
Honggu,China,56945.94037
Wakema,Myanmar,93383.21331
Mukdahan,Thailand,68185.60938
Air Molek I,Indonesia,73679.83028
Tiền Hải,Vietnam,52430.80427
Unryul,North Korea,58034.29005
Miyazaki,Japan,189091.5256
San Jose,Philippines,80276.90672
Zhalainuo'er,China,90790.73267
Curup,Indonesia,158766.5811
Hà Tĩnh,Vietnam,67769.71416
Ubon Ratchathani,Thailand,210637.8657
Songnim,North Korea,270920.0639
Kushiro,Japan,141959.5496
Tayabas,Philippines,50589.80276
Hanggin Rear Banner,China,72272.79414
Lawksawk,Myanmar,65422.96851
Rengat,Indonesia,54160.94463
Saen Suk,Thailand,86103.45036
Hạ Long,Vietnam,124404.4627
Marugame,Japan,184470.2947
Lucena,Philippines,329216.7729
Bayannur,China,270742.2309
Aungpan,Myanmar,101735.2967
Sarolangun,Indonesia,68973.99716
Cẩm Phả,Vietnam,143301.9249
Jangyon,North Korea,63023.88788
Shikokuchuo,Japan,54354.99646
Gumaca,Philippines,54638.41221
Dengkou,China,53874.63815
Za Lun,Myanmar,65530.12544
Selatpanjang,Indonesia,147887.5749
Móng Cái,Vietnam,50858.48841
Kangdong,North Korea,87887.3781
Akita,Japan,211383.0376
Jolo,Philippines,62922.70387
Alxa Left Banner,China,76115.74883
Kutkai,Myanmar,91131.34909
Manna,Indonesia,76523.76324
Sơn Hải,Vietnam,61539.23026
Anak,North Korea,105202.7593
Takamatsu,Japan,314296.087
San Jose,Philippines,58424.60492
Xincheng,China,52153.02083
Mawlamyinegyunn,Myanmar,186027.6439
Lubuklinggau,Indonesia,154451.4636
Đồng Hới,Vietnam,81396.516
Samchon,North Korea,57955.07059
Himeji,Japan,510933.4036
Daet,Philippines,138459.2566
Wuhai,China,162776.2333
Lashio,Myanmar,325395.742
Pagar Alam,Indonesia,61379.9882
Châu Đốc,Vietnam,137675.9775
Kyonghung,North Korea,80499.91453
Kanazawa,Japan,527097.3964
Kalibo,Philippines,123159.626
Lanzhou,China,2689402.429
Pantanaw,Myanmar,78300.54073
Tembilahan,Indonesia,211644.0283
Tân Châu,Vietnam,161282.3822
Sinhung,North Korea,59433.16554
Kochi,Japan,216998.5181
Naga,Philippines,349456.7005
Linxia,China,229343.1849
Letpadan,Myanmar,111330.2998
Tanjung Balai Karimun,Indonesia,170469.085
Mỹ Đức,Vietnam,63272.66977
Sinchon,North Korea,126786.9463
Osaka,Japan,12653994.42
Calabanga,Philippines,63461.43591
Wuyuan,China,91185.10182
Danu Phyu,Myanmar,92157.30977
Lahat,Indonesia,128389.3853
Rạch Giá,Vietnam,279575.6825
Sariwon,North Korea,401117.4345
Hachinohe,Japan,141449.9942
Iloilo City,Philippines,728985.4748
Baiyin,China,222677.0717
Thayarwady,Myanmar,80229.38071
Kuala Tungkal,Indonesia,98608.23883
Cái Dầu,Vietnam,83844.50022
Jaeryong,North Korea,101979.1502
Fukui,Japan,195358.7629
Roxas,Philippines,138313.8438
大武口村,China,169989.8726
Nyaungdon,Myanmar,79435.76294
Jambi,Indonesia,945977.3332
Hồng Ngự,Vietnam,86037.80375
Naha,Japan,1065339.195
Iriga,Philippines,202921.2884
Hezuo,China,53835.97548
Bogale,Myanmar,165080.5594
Sungaiguntung,Indonesia,57836.31877
Phú Mỹ,Vietnam,77447.54675
T'aet'an-eup,North Korea,62022.12713
Takaoka,Japan,157365.7874
Goa,Philippines,82152.43471
Zhongwei,China,173278.5449
Taunggyi,Myanmar,383381.9676
Muara Enim,Indonesia,85829.44074
Đông Hà,Vietnam,69685.97968
Hoechang,North Korea,72425.15769
Echizen,Japan,58148.01597
Zamboanga City,Philippines,591536.4965
Yuanyi,China,94623.15619
Nyaung Shwe,Myanmar,97117.53902
Keban Agung,Indonesia,97692.0086
Long Xuyên,Vietnam,550869.436
Rason,North Korea,128331.3952
Toyama,Japan,239819.7818
Ligao,Philippines,105742.8963
Yinchuan,China,1913287.29
Okkan,Myanmar,60394.12652
Talang Gudang,Indonesia,50287.44591
Chợ Mới,Vietnam,55250.3393
Chŏngjin,North Korea,683869.9471
Tokushima,Japan,242828.5462
Tabaco,Philippines,145804.1185
Heping,China,58422.17882
Maubin,Myanmar,177136.8441
Batam City,Indonesia,1411731.124
Cà Mau,Vietnam,141175.5808
Tsuruga,Japan,50372.57978
Bacolod,Philippines,690717.0492
Pingluo,China,98217.15699
Taungoo,Myanmar,175200.0844
Baturaja,Indonesia,110229.031
Cao Lãnh,Vietnam,144438.6482
Hamhung,North Korea,393816.2754
Arinodai,Japan,62437.18989
Silay,Philippines,69271.95737
Qipanjing,China,56496.02658
Hopong,Myanmar,88727.22455
Tanjung Piayu,Indonesia,52161.76342
Cần Thơ,Vietnam,1652648.555
Hamju,North Korea,108173.0312
Hinomine 3-chome,Japan,95672.79013
Legazpi,Philippines,279036.4835
Yuzhong,China,51688.87238
Taik Kyi,Myanmar,167430.503
Prabumulih,Indonesia,130589.8425
Sa Đéc,Vietnam,107800.1882
Jongphyong,North Korea,105759.6432
Tsuruoka,Japan,59745.9759
Masbate City,Philippines,97799.71251
Yongning,China,68386.43179
Kyaiklat,Myanmar,123249.3535
Tanjung Pinang,Indonesia,147344.6798
Tây Ninh,Vietnam,436732.4746
Morioka,Japan,217879.8837
Ipil,Philippines,53844.25781
Qingtongxia,China,96777.50747
Pyapon,Myanmar,123458.0336
Bandar Seri Bentan,Indonesia,82487.65093
Bạc Liêu,Vietnam,150914.8032
Kyongsong,North Korea,56665.44689
Otsu,Japan,589900.801
Cadiz,Philippines,77493.60641
Lintao,China,110641.6396
Myaungtagar,Myanmar,74078.16173
Huế,Vietnam,383941.005
Ongjin,North Korea,65297.78843
Niigata,Japan,437871.2881
Sorsogon City,Philippines,99510.71118
Zhongning,China,95319.29243
Pyu,Myanmar,99617.24848
Tegal Rejo,Indonesia,76592.79027
Vinh Long,Vietnam,268852.1038
Jakdo-dong,North Korea,351909.1487
Nagahama,Japan,51750.33035
Virac,Philippines,70697.16761
Erenhot,China,116563.4055
Hmawbi,Myanmar,120818.7362
Palembang,Indonesia,2203124.013
Cai Lậy,Vietnam,64419.03219
Sinwon,North Korea,73290.98499
Wakayama,Japan,238884.1137
San Carlos,Philippines,55656.06825
Wuzhong,China,245267.776
Twante,Myanmar,136721.3661
Dabo,Indonesia,50644.13234
Sóc Trăng,Vietnam,132398.6319
Pyoksong,North Korea,68059.45524
Joetsu,Japan,66773.85996
Dumaguete,Philippines,206159.6917
Lingwu,China,65203.18792
Yangon,Myanmar,6190957.71
Kotabumi,Indonesia,193831.551
Trang Bang,Vietnam,143952.1885
Ohmi-Hachiman,Japan,55394.09333
Toledo,Philippines,134476.9649
Hulunbuir,China,210422.6998
Dedaye,Myanmar,71727.77332
Pringsewu,Indonesia,86248.759
Mỹ Tho,Vietnam,461519.6334
Suan,North Korea,57630.74308
Hikone,Japan,110939.7217
Cebu City,Philippines,3191585.379
Dingxi,China,110323.2675
Panglong,Myanmar,79111.88211
Kayu Agung,Indonesia,53104.28391
Binh Long,Vietnam,55424.76251
Kashiwazaki,Japan,51508.52615
Dipolog,Philippines,147134.431
Tongxin,China,74893.638
Laukkaing,Myanmar,71531.7024
Bagelen,Indonesia,126294.2334
Củ Chi,Vietnam,191260.2354
Haeju,North Korea,263991.8123
Nara,Japan,957959.6854
Pagadian,Philippines,202901.3505
Haiyuan,China,66365.49749
Hlegu,Myanmar,125912.1832
Pemanggilan,Indonesia,136819.026
Đức Hòa,Vietnam,94466.23749
Kowon,North Korea,108075.3277
Sanjo,Japan,91535.43656
Tagbilaran,Philippines,142811.7622
Yingjiang County,China,51190.9041
Kungyangon,Myanmar,69926.58984
Bandar Lampung,Indonesia,1257827.767
Bến Tre,Vietnam,134849.5419
홍원읍,North Korea,108269.6532
Nagaoka,Japan,146806.222
Catarman,Philippines,78141.64545
Huining,China,51197.79824
Kyauktaga,Myanmar,56082.56888
Poncowati,Indonesia,131145.28
Trà Vinh,Vietnam,116242.8702
Chonnae,North Korea,74223.29268
Nagoya,Japan,7721742.251
Calbayog,Philippines,77926.90802
Baotou,China,1645071.521
Loikaw,Myanmar,116520.8938
Metro,Indonesia,193950.2543
Ho Chi Minh City,Vietnam,14557830.27
북청읍,North Korea,82667.52855
Nagano,Japan,264479.6246
Oroquieta,Philippines,70329.99582
Shangri-La,China,59704.66373
Tangyan,Myanmar,114092.423
Muntok,Indonesia,64661.26733
Bến Cát,Vietnam,88937.08869
Sohung,North Korea,67189.72264
Kani,Japan,105323.0715
Tangub [Tubod],Philippines,72025.43782
Longxi,China,141596.214
Nansang,Myanmar,56027.90384
Banjarmasin,Indonesia,134876.5633
Đà Nẵng,Vietnam,1178696.377
Koksan,North Korea,93926.55936
Matsumoto,Japan,176025.0298
Kapatagan,Philippines,63360.03428
Yakeshi/Yaysi,China,127656.1793
Thanlyin,Myanmar,279019.3727
Braja Asri,Indonesia,61253.72266
Phước Vĩnh,Vietnam,57868.85694
Sinpho,North Korea,112796.634
Yamagata,Japan,166165.5595
Ozamiz,Philippines,160470.3845
Ruili,China,94938.5797
Pegu,Myanmar,392534.2876
Sukasari,Indonesia,61354.52449
Đồng Xoài,Vietnam,113986.8858
길주읍,North Korea,126025.3838
Ueda,Japan,71636.66005
Ormoc,Philippines,103858.7159
Donghe,China,735175.0791
Thilawa,Myanmar,52664.11398
Tân Uyên,Vietnam,114342.3502
Sido Dadi,Indonesia,91959.98768
Munchon,North Korea,117274.2485
Tajimi,Japan,63412.4757
Catbalogan,Philippines,62339.42973
Lushui,China,53375.33119
Nyaunglebin,Myanmar,88830.6327
Phuoc Long,Vietnam,103962.0079
Cilegon,Indonesia,686540.2712
Chongdan,North Korea,94797.437
Osaki,Japan,53214.82896
Iligan,Philippines,409670.3605
Tengchong,China,89119.12852
Daik-U,Myanmar,104875.9513
Go Cong,Vietnam,79937.40694
Pandeglang,Indonesia,301645.1232
Phyongsan,North Korea,99576.09795
Okaya,Japan,64967.16097
Balo-i,Philippines,50267.55114
Xiji,China,62502.19983
Kyauktan,Myanmar,73101.74855
Suralaya,Indonesia,77350.20154
Hội An,Vietnam,86863.82226
Matsusaka,Japan,65073.59198
Tacloban,Philippines,277601.8863
Yanchi,China,58061.91247
Shwegyin,Myanmar,82044.45169
Jakarta,Indonesia,40545125.86
Long Thành,Vietnam,239281.6485
Tanchon,North Korea,77316.65481
Suwa,Japan,65142.80609
Marawi,Philippines,108166.9955
Dalad,China,149088.544
Kayan,Myanmar,132841.1817
Rangkasbitung,Indonesia,351595.6698
Phú Mỹ,Vietnam,152126.1825
Kimch'aek,North Korea,196760.1978
Sendai,Japan,1269674.844
Cotabato City,Philippines,203953.4929
Luomen,China,93785.0341
Thongwa,Myanmar,127743.3532
Kon Tum,Vietnam,157728.8142
Kebuyutan,Indonesia,51954.71069
Wonsan,North Korea,370729.095
Inter-nishi,Japan,85008.96203
Cagayan de Oro,Philippines,950102.4489
Mang,China,50629.08435
Mong Maw;Mongmao,Myanmar,59193.6732
Gia Kiệm,Vietnam,129478.885
Pangkalpinang,Indonesia,289604.2111
해안2동,North Korea,119222.4514
Ise,Japan,75470.88904
Balingasag,Philippines,59875.30377
Jingning,China,51699.53231
Kyaikto,Myanmar,74553.90396
Phú Cường,Vietnam,68956.99229
Palabuhanratu,Indonesia,134654.3408
Yonan,North Korea,83386.51392
Iida,Japan,67538.80757
Jasaan,Philippines,86178.18938
Dingbian,China,88145.43569
Thaton,Myanmar,104086.925
Pleiku,Vietnam,227851.2746
Sungailiat,Indonesia,95964.59577
Paechon,North Korea,108376.0895
Shibata,Japan,57449.31348
Midsayap,Philippines,87377.6063
Tumed Right Banner,China,74041.84778
Hpa-An,Myanmar,272150.3641
Vũng Tàu,Vietnam,476736.9242
Toboali,Indonesia,94133.78108
Kosan,North Korea,80505.15711
Fukushima,Japan,170142.5921
Isulan,Philippines,60840.51003
Yuanzhou,China,112544.1932
Mawlamyine,Myanmar,245554.2143
Tam Kỳ,Vietnam,85515.67515
Cipanas,Indonesia,535165.9405
Kaesong,North Korea,280963.2347
Ishinomaki,Japan,106937.7881
Tacurong,Philippines,86939.54326
Gangu,China,145758.3385
Mudon,Myanmar,70079.81722
Bà Rịa,Vietnam,150273.5482
Karyamakmur,Indonesia,72937.97403
Gamagori,Japan,70597.15458
Gingoog,Philippines,70968.11966
Baoshan,China,307082.7945
Kengtung,Myanmar,140331.9583
Long Khánh,Vietnam,131162.7648
Kertasari,Indonesia,72174.05365
Takasaki [Maebashi],Japan,472415.495
Surigao City,Philippines,130611.9075
Dongsheng,China,545472.7527
Thanbyuzayat,Myanmar,59618.56874
Đăk Mil,Vietnam,65617.63367
Panundaan,Indonesia,93368.57653
Toyohashi,Japan,500227.6789
Koronadal,Philippines,131830.2894
Ordos,China,162977.7447
Kawkareik,Myanmar,65990.02678
Định Quán,Vietnam,67462.69497
Cianting Utara,Indonesia,98992.73116
Koriyama,Japan,215512.8921
Valencia,Philippines,108837.2073
Lijiang,China,150968.8708
Ye,Myanmar,55343.37196
Ngai Giao,Vietnam,60229.73063
Bandung,Indonesia,8691180.858
Isesaki,Japan,254363.941
Kidapawan,Philippines,88811.28449
Qin'an,China,92388.39412
Myawaddy,Myanmar,129306.3898
Tân Phú,Vietnam,108701.0622
Purwakarta,Indonesia,497388.1117
Kofu,Japan,355934.1129
Butuan,Philippines,233568.0445
Tumed Left Banner,China,52157.84656
Tachileik,Myanmar,125337.0269
Gia Ray,Vietnam,64035.31901
Pasirukem,Indonesia,115589.4855
Honjo,Japan,67353.57802
Polomolok,Philippines,105357.3433
Changhong,China,111903.3636
Payathonzu,Myanmar,70524.37024
Chư Sê,Vietnam,55174.8225
Bumihayu,Indonesia,54543.33245
Ota,Japan,254321.2157
General Santos,Philippines,470211.7829
Tianshui,China,584188.6461
Dawei,Myanmar,123332.7979
Ea T'Ling,Vietnam,57365.90043
Tarogong,Indonesia,1473082.334
Hamamatsu,Japan,267033.0184
Digos,Philippines,126685.2687
Hohhot,China,2029813.226
Palaw,Myanmar,58447.08476
Buôn Ma Thuột,Vietnam,316654.7969
Cibodas,Indonesia,146351.8406
Fukaya,Japan,105661.3884
Bayugan,Philippines,68067.00585
Wudu,China,84202.21832
Myeik,Myanmar,305053.1534
Quảng Ngãi,Vietnam,340819.8113
Subang,Indonesia,223347.5341
Utsunomiya,Japan,337161.2254
Davao City,Philippines,1651085.903
Pingliang,China,461066.2075
Kawthaung,Myanmar,100046.7114
Quảng Phú,Vietnam,59309.66929
Hegarsari,Indonesia,332463.0148
Kumagaya,Japan,73610.41254
Santo Tomas,Philippines,56207.45251
Maiji,China,151104.6347
Bảo Lộc,Vietnam,145024.5058
Pamanukan,Indonesia,54951.51315
Sano,Japan,50798.16608
Panabo,Philippines,263555.5905
Yongde,China,50258.08554
Buôn Hồ,Vietnam,77900.4651
Sumedang,Indonesia,310404.2049
Tokyo,Japan,33155906.87
Tagum,Philippines,335017.7826
Dali,China,51230.44135
An Khê,Vietnam,74683.66256
Mekarsari,Indonesia,132857.5285
Higashimatsuyama,Japan,79082.09352
Compostela,Philippines,57052.0721
Togtoh,China,55028.10032
Phước An,Vietnam,73295.67602
Haurgeulis,Indonesia,111824.1291
Tochigi,Japan,50705.62241
Mati,Philippines,76406.4983
Ulaan Moron,China,61536.13486
Phan Thiết,Vietnam,211804.9152
Tasikmalaya,Indonesia,2923169.401
Fujieda,Japan,121220.3722
Dali,China,244979.4285
Đà Lạt,Vietnam,224323.3757
Cilandak Lor,Indonesia,57693.48174
Fuji,Japan,167425.6174
Huating,China,59806.23511
Liên Nghĩa,Vietnam,107998.2234
Oyama,Japan,88764.56487
Qianyu,China,60829.52224
Quy Nhơn,Vietnam,272251.4845
Tanjung Pandan,Indonesia,113775.0852
Shizuoka,Japan,233904.3686
Jingbian,China,138911.55
Ninh Hòa,Vietnam,86602.12421
Kadipaten,Indonesia,239737.844
Iwaki,Japan,70548.96264
Yingjing,China,54329.28894
Tuy Hòa,Vietnam,143436.3823
Majalengka,Indonesia,99695.99552
Numazu,Japan,374196.6003
Dujiangyan,China,374474.4513
Nha Trang,Vietnam,443635.5184
Cikijing,Indonesia,108361.2825
小名浜愛宕上,Japan,135356.5836
Ya'an,China,376578.0042
Van Gia Town,Vietnam,64623.39709
Indramayu,Indonesia,345135.9137
Hitachi,Japan,132519.3991
Fengqing County,China,64842.33553
Phan Rang – Tháp Chàm,Vietnam,150866.6803
Heuleut,Indonesia,123263.8322
Mito,Japan,183774.0972
Binchuan,China,84799.91939
Cam Ranh,Vietnam,69263.62182
Jatibarang,Indonesia,88166.37873
Tsukuba,Japan,64418.1171
Hengshan,China,65990.36851
Banjaran,Indonesia,73216.36918
Hitachinaka,Japan,95875.98515
Jungar,China,158398.0744
Cirebon,Indonesia,1634253.441
Tsuchiura,Japan,134987.6458
Dayi,China,146404.0993
Arjawinangun,Indonesia,149372.0216
Ushiku,Japan,56335.61487
Yulin,China,510158.9196
Kuningan,Indonesia,657481.8699
Narita,Japan,56071.90629
Midu,China,59291.89218
Banjar,Indonesia,126038.2701
Kisarazu,Japan,176868.5297
Xiangyun,China,91208.04882
Karangampel,Indonesia,74154.76515
Kamisu,Japan,66324.15556
Qionglai,China,230025.5882
Pangandaran,Indonesia,101669.3624
Mobara,Japan,56443.02856
Horinger,China,58869.01635
Banjarsari,Indonesia,72502.26238
Chongzhou,China,184032.0834
Karangwareng,Indonesia,143878.2227
Longxian,China,77580.58832
Majenang,Indonesia,105152.8316
Pengzhou,China,190932.5773
Waled,Indonesia,195946.598
Mianzhu,China,82631.11031
Losari,Indonesia,156927.1976
Yun,China,78044.36003
Kersana,Indonesia,178951.4921
Chengdu,China,5609626.82
Cilacap,Indonesia,509026.4885
Wenjiang,China,290348.7856
Kluwut,Indonesia,59679.917
Qingyang,China,201935.6099
Paguyangan,Indonesia,94070.00526
Shenmu,China,274814.2022
Jubang,Indonesia,92977.18895
Pujiang,China,57959.20024
Jatilawang,Indonesia,76065.32281
Xilinhot,China,290629.3558
Tegalglagah,Indonesia,79238.6783
Qingcheng,China,50019.01755
Ajibarang,Indonesia,51586.16995
Shifang,China,102814.2925
Tegal,Indonesia,1482144.465
Hongya,China,53291.17296
Binangun,Indonesia,227631.0214
Banzhuyuan,China,58177.92691
Purwokerto,Indonesia,1273364.895
Xinjin,China,86623.55794
Mandiraja,Indonesia,204174.7537
Xichang,China,281790.6509
Pemalang,Indonesia,270707.2948
Lincang,China,135968.8386
Gombong,Indonesia,115996.3122
Hequ,China,69860.22108
Pemangkat Kota,Indonesia,58858.38672
Jiangyou,China,233402.5326
Singkawang,Indonesia,169842.6381
Deyang,China,810107.1321
Loning,Indonesia,82702.01806
Guanghan,China,165131.5486
Kebumen,Indonesia,300132.1984
Qingbaijiang,China,204636.3435
Pekalongan,Indonesia,1279644.114
Xiqu District,China,107734.0434
Banjarnegara,Indonesia,182520.6004
Mianyang,China,538166.4861
Grabag,Indonesia,56591.00646
Shangdu,China,61145.81415
Kutoarjo,Indonesia,87570.16007
Liangcheng,China,55846.55827
Pontianak,Indonesia,839275.0524
Dayangshu,China,54154.96554
Sambas,Indonesia,51762.30067
Huade,China,51292.29263
Wonosobo,Indonesia,273425.3842
Baode,China,170407.6805
Purworejo,Indonesia,147593.8688
Jiajiang,China,66740.67078
Wates,Indonesia,102736.0822
Emeishan,China,446370.1437
Parakan,Indonesia,120184.9674
Panzhihua,China,292350.2902
Semarang,Indonesia,3274359.572
Ulanqab,China,272964.4135
Temanggung,Indonesia,138382.9676
Pengshan,China,74728.20929
Magelang,Indonesia,370945.701
Longquanyi,China,399354.7197
Muntilan,Indonesia,236855.0564
Meishan,China,661433.3033
Yogyakarta,Indonesia,2742763.241
Dong,China,164646.1493
Ngluwar,Indonesia,63979.72947
Lüeyang,China,59313.46473
Ambarawa,Indonesia,80735.08669
Pianguan,China,57440.71174
Salatiga,Indonesia,247512.2301
Jintang,China,158760.9555
Wonosari,Indonesia,88638.17239
Dayao,China,69945.77308
Ketapang,Indonesia,159459.4306
Suji,China,78984.1275
Ngabang,Indonesia,54652.9633
Baoji,China,773900.6475
Tengaran,Indonesia,58114.90188
Zhongjiang,China,147270.5944
Surakarta,Indonesia,1497108.375
Leshan,China,728227.632
Demak,Indonesia,76541.01933
Baolun,China,75359.15654
Tambakboyo,Indonesia,51281.33697
Lancang,China,66056.33081
Jepara,Indonesia,682383.7687
Huaikou,China,91491.71248
Sukoharjo,Indonesia,70810.29355
Nanhua,China,60633.19336
Bekonang,Indonesia,68442.66512
Fengxiang,China,70085.25225
Wonogiri,Indonesia,93748.60325
Guangyuan,China,441909.1166
Kudus,Indonesia,638837.7824
Zichang,China,96060.64456
Purwodadi,Indonesia,152161.1399
Renshou,China,142542.922
Pacitan,Indonesia,169450.2286
Wutongqiao,China,90236.53463
Sragen,Indonesia,132425.5396
Jianyang,China,381281.3477
Pati,Indonesia,177063.2463
Huili,China,61281.37492
Sanggau,Indonesia,61892.1599
Xingxian,China,115918.1165
Bantengan,Indonesia,64933.4232
Santai,China,126749.401
Juwana,Indonesia,93438.49487
Jinggu,China,64166.39042
Ponorogo,Indonesia,256467.5191
Fengzhen,China,61295.62927
Madiun,Indonesia,397986.2633
Binzhou,China,50321.5479
Joresan,Indonesia,79773.9287
Chuxiong,China,552213.4251
Rembang,Indonesia,87396.00537
Zalantun,China,117265.8107
Ngawi,Indonesia,82008.8423
Suide,China,84675.17792
Dolopo,Indonesia,144890.3019
Zuoyun,China,66007.34175
Blora,Indonesia,106963.5699
Qishan,China,52679.39695
Trenggalek,Indonesia,152380.9828
Yan'an,China,401686.3907
Bendo,Indonesia,71523.1208
Caijiapo,China,76828.33875
Padangan,Indonesia,115628.5646
Mianxian,China,131026.8533
Tulungagung,Indonesia,673628.5804
Qianwei,China,83983.23467
Nganjuk,Indonesia,396774.5357
Pinglu,China,82236.08317
Bojonegoro,Indonesia,285117.4308
Liqu,China,73385.24215
Kediri,Indonesia,489667.3833
Ziyang,China,516027.5989
Sukorejo,Indonesia,57902.06174
Yanting,China,50918.64665
Warujayeng,Indonesia,73964.46625
Ponggok,Indonesia,88640.5876
Lin,China,83833.83166
Blitar,Indonesia,413349.6415
Fufeng,China,67829.72517
Sintang,Indonesia,119884.8447
Wangcang County,China,58429.03638
Kertosono,Indonesia,51510.29743
Cangxi County,China,89149.16665
Pare,Indonesia,252543.2299
Yongshan,China,77029.66055
Tuban,Indonesia,195382.944
Rongxian,China,115131.2168
Pangkalan Bun,Indonesia,120250.716
Shuozhou,China,324876.7077
Jombang,Indonesia,464247.9862
Shehong,China,237362.3427
Nanga Pinoh,Indonesia,55524.11315
Qikou,China,52867.09651
Mojoagung,Indonesia,70779.25022
Datong,China,1571546.624
Sumberpucung,Indonesia,54239.36379
Hanzhong,China,371212.2285
Brondong,Indonesia,76791.51378
Nanzheng,China,70064.09955
Surabaya,Indonesia,6856993.107
Lezhi,China,86788.48775
Malang,Indonesia,1888199.564
Qiaojia,China,84152.90361
Lamongan,Indonesia,75758.25341
Daying,China,104124.8237
Kepanjen,Indonesia,97424.76503
Suijiang,China,66494.13463
Gondanglegi,Indonesia,188705.6167
Arun,China,58572.73677
Prigen,Indonesia,71710.31545
Langzhong,China,153417.1325
Gresik,Indonesia,409956.4101
Huairen,China,169524.901
Bangkalan,Indonesia,78797.14148
Lufeng,China,70249.35656
Pasuruan,Indonesia,250465.1964
Ning'er,China,63297.04074
Karang Kliwon,Indonesia,110869.3969
Qianxian,China,76909.9282
Kedawang,Indonesia,60365.21545
Shanyin,China,85039.19174
Tempeh,Indonesia,82618.73764
Yangling,China,111990.3318
Kebonan,Indonesia,50506.84142
Weiyuan,China,106978.664
Probolinggo,Indonesia,422793.8737
Simao,China,167656.4939
Lumajang,Indonesia,115947.1063
Nenjiang,China,137649.224
Kencong,Indonesia,68733.62244
Zizhong,China,133694.8296
Sampang,Indonesia,99989.15363
Yanggao,China,71552.95442
Kebonan,Indonesia,143113.5838
Liulin,China,141683.5721
Umbulrejo,Indonesia,60174.33653
Wuding,China,59721.5487
Balung,Indonesia,467848.772
Chenggu,China,96119.32379
Kraksaan,Indonesia,79647.80271
Zhangbei,China,101318.9978
Proppo,Indonesia,53013.6035
Wugong,China,67110.22597
Kotaanyar,Indonesia,100393.964
Luquan,China,54026.60912
Jember,Indonesia,506311.4727
Nanbu,China,163685.3454
Sampit,Indonesia,222690.2102
Zigong,China,414628.4234
Pamekasan,Indonesia,245652.7632
Liquan,China,75420.25254
Bondowoso,Indonesia,157550.5545
Jinghong,China,95370.34407
Situbondo,Indonesia,179710.9579
Gasa,China,51412.92728
Sumenep,Indonesia,102910.9706
Zhouzhi,China,71794.62787
Kalianget,Indonesia,51834.90116
Suining,China,688124.7459
Genteng,Indonesia,68765.60074
Lüliang,China,554109.3908
Jajag,Indonesia,106362.4794
Pengxi,China,81415.01942
Asembagus,Indonesia,66999.7709
Nanjiang County,China,67288.04563
Muncar,Indonesia,166774.3992
Xichong,China,84674.28711
Banyuwangi,Indonesia,177877.8465
Jingle,China,57347.06459
Palangka Raya,Indonesia,100091.4975
Yangxian,China,80482.88277
Negara,Indonesia,98474.25649
Tianzhen,China,57121.71636
Seririt,Indonesia,79254.35016
Yingxian,China,92773.35976
Kuala Kapuas,Indonesia,96438.67014
Xingping,China,442996.6276
Singaraja,Indonesia,281301.869
Anyue,China,110262.7902
Denpasar,Indonesia,2005949.592
Yimen,China,50734.55354
Banjarmasin,Indonesia,924566.4405
Shuifu,China,75223.79713
Ubud,Indonesia,64901.92789
Ludian,China,68464.25405
Beng,Indonesia,199028.5114
Morin Dawa,China,55451.3834
Pelaihari,Indonesia,73609.53521
Chengguan,China,197761.9827
Semarapura,Indonesia,89216.83923
Tongchuan,China,130606.7724
Banjarbaru,Indonesia,221992.4096
Neijiang,China,316065.1001
Buntok,Indonesia,69515.7435
Huai'an,China,54056.2423
Karangasem,Indonesia,87125.14761
Fumin,China,51815.25979
Muaratewe,Indonesia,72471.87776
Zhaotong,China,295990.254
Amuntai,Indonesia,110064.6532
Jincheng,China,82122.79393
Kandangan,Indonesia,76310.00898
Anfu,China,114617.2495
Mataram,Indonesia,1009676.861
Xuzhou,China,104224.8727
Barabai,Indonesia,72169.88588
Zhongyang,China,68962.19231
Tanjung,Indonesia,92326.11318
Xinping,China,62125.98809
Praya,Indonesia,167770.9111
Heihe,China,131221.8296
Kecamatan Kopang,Indonesia,54602.06859
Yibin,China,234841.4453
Selong,Indonesia,530298.7846
Mojiang Hani Autonomous County,China,74297.63845
Kecamatan Pringgabaya,Indonesia,74931.35306
Xianyang,China,564730.9671
Baroqah,Indonesia,60124.0961
Huize,China,130397.519
Kotabaru,Indonesia,97031.25613
Bazhong City,China,848388.857
Tana Paser,Indonesia,75761.71856
Anning,China,188403.1825
Sumbawa Besar,Indonesia,161398.3158
Shunqing,China,1110773.197
Balikpapan,Indonesia,702530.8161
Yichezhen,China,52790.87224
Tenggarong,Indonesia,108241.5187
Fushun,China,134379.9956
Samarinda,Indonesia,1225373.203
Jingyang,China,55584.7389
Tanjung Selor,Indonesia,59090.14794
Dai,China,58030.22102
Tanjung Redeb,Indonesia,107351.9378
Sanyuan,China,143455.9793
Gunung Lingkas,Indonesia,266517.6586
Yiliang,China,84957.53164
Kota Nunukan,Indonesia,73293.33877
Dongchuan,China,86494.27471
Bontang,Indonesia,142920.4066
Zhangjiakou,China,587853.8274
Sangatta Utara,Indonesia,131121.4489
Xi'an,China,5298991.798
Dompu,Indonesia,102492.3916
Kunming,China,3218009.543
Bima,Indonesia,131158.5789
Yuanping,China,126746.3964
Mamuju,Indonesia,143712.2396
Xiaolong,China,133262.3888
Majene,Indonesia,107263.6818
Hunyuan,China,106478.9406
Makassar,Indonesia,2241888.193
Huyi,China,112407.0387
Labuan Bajo,Indonesia,69727.53317
Nehe,China,88805.74873
Bumi Mulyo,Indonesia,101703.3945
Longjiang,China,101017.3363
Pekkabata,Indonesia,69637.06829
Yangyuan,China,60458.53833
Waingapu,Indonesia,118382.8473
Xixiang,China,78927.37954
Polewali,Indonesia,52923.38185
Yuanjiang,China,50775.44187
Pangkajene,Indonesia,75120.76974
Fuping County,China,67707.08597
Pare-Pare,Indonesia,143888.5925
Yuxia,China,57657.35923
Pinrang,Indonesia,91537.14832
Qingjiang,China,85640.26588
Pangkajene,Indonesia,51527.38427
Fanshi,China,64449.31117
Bantaeng,Indonesia,69316.21907
马家,China,178513.5547
Ruteng,Indonesia,119162.5018
Junlian,China,51763.05339
Watansoppeng,Indonesia,63522.62235
Tongnan,China,115519.6164
Rantepao,Indonesia,79544.95496
Gong,China,71088.81452
Bulukumba,Indonesia,110546.6206
Baishui,China,65870.98701
Palu,Indonesia,352165.4327
Longchang,China,311631.7411
Sengkang,Indonesia,112121.6632
Peng'an,China,82336.10106
Sinjai,Indonesia,74992.95449
Jinning,China,58519.81958
Watampone,Indonesia,134059.1019
Nanxi,China,83492.97937
Palopo,Indonesia,148489.3812
Gaoling,China,52425.29845
Poso,Indonesia,69539.94818
Hangkongjidi,China,126961.8528
Ende,Indonesia,181319.9553
Yuxi,China,764429.3682
Tolitoli,Indonesia,92288.12157
Chenggong,China,173037.5432
Maumere,Indonesia,163503.236
Songming,China,63234.61253
Kolaka,Indonesia,88916.86786
Gujiao,China,172353.2563
Ampana,Indonesia,55798.60616
Wuxing,China,97925.32646
Unaaha,Indonesia,56567.25623
Changning,China,62607.80106
Pohon Sirih,Indonesia,55213.79869
Yingshan,China,135899.9314
Baubau,Indonesia,151522.8151
Xinzhou,China,229256.8358
Kendari,Indonesia,415201.0148
Pucheng,China,90241.01001
Kupang,Indonesia,529746.6979
Tongjiang County,China,101742.9614
Raha,Indonesia,112910.4889
Shahe,China,52758.17297
Lewoleba,Indonesia,58455.03826
Beitian,China,83942.12773
Luwuk,Indonesia,113754.3868
Dazu,China,111766.7626
Gorontalo,Indonesia,504226.2095
Lu,China,81147.32478
Soe,Indonesia,113159.3993
Xundian,China,54669.34143
Kefamenanu,Indonesia,67631.25881
Xuanhua,China,333761.2069
Kalabahi,Indonesia,75943.55099
Rongchang,China,161430.8003
Atambua,Indonesia,130848.0951
Lintong,China,135053.0507
Kotamobagu,Indonesia,144271.3865
Pingchang County,China,135266.7293
Amurang,Indonesia,56381.14868
Fenyang,China,126193.0655
Manado,Indonesia,483103.7926
Longshui,China,85577.00421
Lowian,Indonesia,68764.42383
Chengcheng,China,100863.8054
Tomohon,Indonesia,77523.83569
Jiangchuan,China,85056.19298
Tondano,Indonesia,77377.04549
Wusheng,China,84779.2462
Bitung,Indonesia,217592.6253
Guangling,China,55780.06035
Sanana,Indonesia,59101.6499
Yuechi,China,129392.2279
Ternate,Indonesia,266060.5461
Shiping,China,78877.79056
Labuha,Indonesia,83565.77376
Taiyuan,China,4332180.125
Tobelo,Indonesia,108056.5281
Weinan,China,273989.0197
Ambon,Indonesia,559281.5425
Luzhou,China,446057.7543
Masohi,Indonesia,108675.5012
Tonghai,China,123240.5949
Sorong,Indonesia,301195.6135
Wutai,China,53120.60514
Fakfak,Indonesia,84682.89957
Wenshui,China,118494.042
Tual,Indonesia,105831.4942
Xiaoyi,China,165448.1048
Dobo,Indonesia,65167.45086
Yiliang,China,118073.7195
Manokwari,Indonesia,198521.2633
Ulanhot,China,221373.4424
Nabire,Indonesia,207025.5924
Jiaocheng,China,241648.9661
Biak Kota,Indonesia,201723.9648
Naxi,China,131690.6089
Serui Kota,Indonesia,146449.378
Jalaid,China,69540.10968
Enarotali,Indonesia,124657.3873
Tongliang,China,155088.1976
Timika,Indonesia,401693.8862
Dongsheng,China,62482.33922
Ilaga,Indonesia,116505.3059
Weining,China,101306.5088
Agats,Indonesia,95721.52367
Fula'erji,China,228742.1299
Mulia,Indonesia,238210.2115
Bairin Right Banner,China,58436.47738
Heyang,China,59251.20028
Wamena,Indonesia,88100.95016
Lantian,China,92125.18716
Kobakma,Indonesia,89106.39284
Guang'an,China,523802.0574
Hechuan,China,273190.8281
Elelim,Indonesia,206924.1846
Qiqihar,China,901648.7626
Merauke,Indonesia,270038.907
Xiangning,China,59194.91787
Sentani,Indonesia,126566.9449
Yongchuan,China,694286.0365
Abepura,Indonesia,146890.3011
Hancheng,China,224047.982
Jayapura,Indonesia,162287.8283
Yuxian,China,86310.29978
Huaning,China,54584.51146
Lingqiu,China,84794.24166
Dali,China,89850.57207
Jiexiu,China,159367.8056
Fenxi,China,52292.65668
qīngjiàn jiēdào,China,69030.42916
Shilin,China,73554.46705
Xuanwei,China,382363.3862
Qu,China,132602.1881
Huazhou,China,81783.87286
Weixin,China,110389.4373
Pingyao,China,177192.5188
Hejin,China,88768.95963
Qujing,China,701652.2536
Chengjiang,China,53164.51237
Qi,China,82164.89423
Zhanyi,China,54152.96555
Jianshui,China,126104.9718
Zhenxiong,China,116947.6312
Bishan,China,183999.9852
Jinzhong,China,445102.0793
Hezhang,China,71951.55161
Beibei,China,611703.4508
Qingmuguan,China,56285.92599
Zengjia,China,261272.1544
Huailai,China,96293.9186
Huozhou,China,134636.32
Wanyuan,China,69809.57066
Hejiang,China,108000.3129
Luliang,China,87887.80847
Dazhou,China,771802.7265
Chishui,China,75076.32099
Xuyong,China,88908.6029
Taigu,China,71723.17282
Jingguan,China,52631.9266
锯木沟,China,111044.8447
Caijiagang,China,64466.72041
Chongqing,China,8449690.334
Sanchahe,China,76434.99424
Jishan,China,74689.7009
Dazhu,China,154612.2403
Zheba,China,447329.177
Mile,China,111442.5823
Huayin,China,56702.28535
Linshui,China,144400.6995
Linfen,China,1090241.238
Wanrong,China,58167.68757
Baisha,China,171731.798
Yi'an,China,60908.36538
Shouyang,China,69664.48791
Yongji,China,151417.8755
Xuanhan,China,109019.8622
Xipeng,China,139575.7958
Hongtong,China,110830.5189
Fengning,China,62946.49444
Yu,China,81739.99893
Laiyuan,China,99404.5553
Muguo,China,54543.27558
Wangjiazhai,China,136503.3809
Kaiyuan,China,171617.0341
Linyi,China,87060.59685
Fuyuan,China,76072.91805
Xiangfen,China,53462.7797
Liupanshui,China,924181.6794
珞璜工业园,China,54968.71034
Xinjiang,China,106108.8333
Ankang,China,807066.4361
Gejiu,China,197813.9279
Yanqing,China,145937.1127
Luxi,China,83542.88586
Nan'an,China,94217.59372
Bijie,China,533543.0123
Shichuan,China,50048.19695
Houma,China,156218.4556
Jieshi,China,73900.26553
Tailai,China,70155.58132
Jarud,China,54968.04593
Haizijie,China,76994.6735
Gulin,China,86376.59149
Keshan,China,52829.19831
Nanba,China,75259.06483
Weichang,China,74298.64866
Shangluo,China,110703.0945
Shizong,China,65537.35274
Kaijiang,China,86758.23501
Panzhou,China,73110.49539
Yangquan,China,465980.8212
Luonan,China,66760.85693
Dianjiang,China,144892.1065
Wenxi,China,97560.16317
Yuncheng,China,687353.456
Quwo,China,57048.97604
Ruicheng,China,83749.33253
Ongniud,China,63233.76181
Changshou,China,164069.8556
Wenlan,China,141861.5216
Shuanglong,China,157282.7601
Qijiang,China,181826.2561
Yicheng,China,79844.15863
Bei'an,China,109508.5838
Xishui,China,75286.15787
Lindian,China,51876.76877
Pingding County,China,114894.3087
Shanyang,China,63215.69985
Xia,China,55459.96093
Xunyang,China,59629.10555
Liangping,China,98755.64465
Nankou,China,89446.77886
Jinping,China,67525.86628
Yushe,China,56649.07896
Qin,China,51927.8379
Jiangxian,China,65231.80318
Luoping,China,101508.8016
Dafang,China,78451.09457
Nayong,China,75192.27847
Pingshan,China,88928.84124
Changping,China,417147.2414
Longqiao,China,110176.6885
Huiminxiang,China,508301.2962
Baicheng,China,298421.1764
Beijing,China,18150575.83
Jingxing Mining,China,74308.23677
Lingbao,China,170277.7277
Zhenlai,China,74445.15457
Shanzhou,China,60964.65073
Pinglu,China,70831.84728
Lingshou,China,57885.35174
Xiyang,China,86065.32436
Sanmenxia,China,237530.4365
Kaizhou,China,105588.2611
Quyang,China,81755.96891
Xingtang,China,70883.94391
Wansheng,China,92578.07433
Yixian,China,59792.63928
Yuanqu,China,77689.45424
Danfeng,China,59645.79966
Tang,China,92830.28284
Nanchuan,China,335470.6301
Fangshan,China,475338.5513
Qiubei,China,61072.72234
Heshun,China,62287.02131
Shijiazhuang,China,3100270.328
Anzhou,China,58693.8572
Huairou,China,339007.7103
Zhoukoudian,China,152470.1006
Chifeng,China,549177.3854
Zuoquan,China,54847.01961
Taonan,China,128999.1098
Laishui,China,57042.99099
Baiquan,China,62789.19162
Shuijiang,China,76983.9926
Xinle,China,109494.0424
Fengdu,China,114069.5991
Liuzhi,China,104566.0139
Mancheng,China,102730.6325
Wanzhou,China,395843.9874
Renhuai,China,106166.7725
Miyun,China,299176.6654
Zhengding,China,171569.8432
Zhong,China,127220.4487
Xingyi,China,212961.532
Jinsha,China,84998.81513
Dingzhou,China,240735.6794
Zhijin,China,111790.6152
Xiangyuan,China,71126.1926
Congyuancun,China,55762.91357
Qianxi,China,119427.2575
Zhuozhou,China,157065.0308
Ranghulu,China,435651.4338
Gaobeidian,China,186474.272
Dingxing,China,69534.50671
Changling,China,141528.1179
Xingren,China,68855.17395
Baoding,China,883757.7811
Tongzi,China,116111.4687
Puding,China,53624.49372
Xushui District,China,165725.1249
Yunyang,China,143643.91
Yanshan,China,54084.68299
Wenshan,China,191573.4515
Shuangluan,China,79390.44261
Zhangzi,China,78233.38395
Shizhu,China,95777.56351
Mianchi,China,74527.92435
Sartu,China,64099.85766
Songzhuang,China,418267.308
Haozhuang,China,54420.12791
Yuanshi,China,57094.79873
Yangcheng,China,109782.3903
Mingshui,China,78087.48865
Luancheng,China,50324.28889
Wuji,China,85781.04965
Lucheng,China,103557.6394
Changzhi,China,590097.966
Wulong,China,57104.85148
Zhenning,China,55864.48712
Babaishang,China,57477.78442
Chengde,China,614875.3765
Daqing,China,421411.234
Gu'an,China,139682.4167
Anshun,China,582993.3581
Rongcheng,China,52304.12365
Gaocheng,China,137620.2044
Licheng,China,52477.17247
Yima,China,104900.0685
Yunxi,China,58817.44027
Zhangjiawan,China,54783.25763
Caiguan,China,52893.46171
Santai,China,51493.9897
Shangdang,China,65437.18862
Pinggu,China,294969.7139
Liangmatai,China,135406.4665
Anguo,China,67801.60494
Luoning County,China,71592.24838
Dashimiao,China,112554.5246
Gaoyi,China,79794.52855
Daozhen,China,63432.45398
Yuanbaoshan,China,62930.86972
Honghuagang,China,1185303.401
Sanhe,China,340380.849
Gaoping,China,350482.8796
Jinzhou,China,129477.6863
Zhaoxian,China,106302.6287
Huguan,China,72184.14437
Bozhou,China,112579.5901
Maguan,China,65106.04291
Xinglong,China,59456.81332
Boye,China,103570.6735
She,China,91063.90262
Xinghua,China,91857.36573
Gaoyang,China,56380.92796
Suiyang,China,57818.86174
Langfang,China,512854.2475
Xiongxian,China,72127.51114
Xin'an,China,94316.716
Jincheng,China,921144.6312
Anping,China,60349.68093
Guangnan,China,80076.79623
Yongqing,China,53198.19697
Xianghe,China,107046.2993
Xiuwen,China,54030.55462
Qingzhen,China,79846.97941
Zhushan,China,54621.00593
Xinji,China,56928.90306
Jiyuan,China,405860.1837
Pengshui,China,86959.08938
Anda,China,207869.5587
Bazhou,China,134472.0252
Ningjin,China,107429.3649
Chengde,China,131202.6887
Jizhou,China,200740.9157
Anping,China,83975.70439
Xinji,China,204939.9928
Guiyang,China,2757867.639
Hailun,China,124959.2485
Xingtai,China,775750.1638
Luoyang,China,1603585.414
Yiyang County,China,121525.5355
Shiyan,China,1129747.018
Lichuan,China,90736.07598
Yunyang,China,130833.2907
Mengjin,China,67375.82578
Renqiu,China,373139.9019
Luanchuan,China,89924.26062
Lingchuan,China,54678.97055
Wu'an,China,204430.968
Nanlingchengcun,China,157426.7597
Longyao,China,56771.72096
夔门街道,China,91176.20608
Bo'ai,China,349062.0182
Kaiyang,China,71448.97456
Baochi,China,316916.5098
Ningcheng,China,80594.85206
Da'an,China,127618.0335
Huaxi,China,126662.6066
Pingquan,China,94822.95628
Meitan,China,74270.70338
Shengzhou City,China,85905.10992
Wuqing,China,373362.4296
Zhongxing Road,China,92450.93192
Mengzhou,China,122350.513
Tang'erli,China,158882.2438
Zuogezhuang,China,71417.47479
Song County,China,110020.941
Qinggang,China,63185.55997
Shahe,China,188325.681
大口屯镇,China,56993.51967
Qinyang,China,93775.1978
Yongnian,China,183148.0407
Hejian,China,298273.993
Linzhou,China,133998.6025
Xixia,China,95115.73988
Zunhua,China,169536.3678
Fengfeng,China,67893.81724
Fengfeng,China,195082.5789
Fenggang,China,59148.43753
Yichuan,China,145125.7059
Handan,China,2099936.867
Yanshi District,China,403246.1507
Qianjiang,China,85063.64668
Jiaozuo,China,723574.9448
Gaolong,China,89235.80133
Wushan,China,79421.67613
Suiling,China,107363.123
Wangkui,China,86618.49008
Kuancheng,China,59518.73806
Yutian,China,143555.9987
Tianjin,China,7330647.551
Julu,China,54125.78638
Xichuan,China,127043.6888
Guxian,China,259808.7863
Xingbieying,China,68388.016
Matou,China,66620.33837
Qugou,China,206247.9628
Hengshui,China,742817.9143
Qian'an,China,55013.84776
Tongliao,China,498536.3469
Wen,China,107597.0422
Gongyi,China,306311.3643
Enshi,China,625488.8136
Dejiang,China,59261.60384
Goushi,China,58855.98831
Fangxian,China,57911.87424
Cixian,China,265642.1321
Jianshi,China,55402.79165
Jize,China,54727.31276
Xinzhuangying,China,135181.6559
Lingyuan,China,170997.0094
毕家村,China,51892.62035
Shaliuhe,China,61384.70778
Xiaodong,China,52407.93192
Jinghai,China,202497.6182
Ruyang County,China,59398.0261
Wengan,China,64225.62414
Jizhou,China,94690.29157
Jianping,China,102428.0757
Xianfeng,China,53457.31141
Funing,China,58485.24964
Yahongqiao,China,69063.87616
Anyang,China,1736590.279
Woluogu,China,63373.34406
Wuzhi,China,99645.00101
Qianxi,China,72958.5085
Quzhou,China,62066.45734
Huixian,China,167117.7988
Zhaozhou,China,82619.60482
Shancheng,China,191168.4208
Cheng'an,China,51364.45785
Linzhang,China,78879.50117
Xiaoguan,China,90828.54822
Huojia,China,78508.69639
Fengrun,China,650528.6212
Shangjie,China,169537.4368
Youyang,China,51654.62526
Zaoqiang,China,66959.52303
Neixiang,China,65019.96352
Qing,China,91924.53851
Dengfeng,China,309227.7653
Tangshan,China,2651178.671
Danjiangkou,China,129250.8752
Dajindian,China,188558.1106
Zhaodong,China,471428.3204
Ruzhou,China,189414.7917
Fengquan,China,89093.50435
Xinxiang,China,870471.0626
Xingyang,China,264792.4772
Tangyin,China,98147.55379
Lanxi,China,68239.96436
Binhai New Area,China,1429157.811
Ningjiang,China,241472.6121
Hebi,China,238323.8365
Harqin Zuoyi,China,78289.42211
Laifeng,China,58002.11326
Songyuan,China,218036.1382
天津经济技术开发区西区,China,62654.13325
Qinglong,China,52217.77433
Ninghe,China,136361.2065
Qixian,China,89703.97794
Botou,China,332141.338
Longshan,China,101520.6434
Suihua,China,289983.1536
Zhengzhou,China,5126112.049
Wei,China,139783.2121
Cangzhou,China,635841.3806
Nanzhao,China,80084.50049
北塘,China,198142.3764
Gegu,China,70699.3113
Weihui,China,92916.46369
Xinmi,China,275751.4264
Zhaishang,China,216098.7072
Gulin,China,482363.4905
Duyun,China,180493.7402
Chaoyang,China,448412.2956
Chengtougu,China,329256.8032
Jingxian,China,51498.83394
Qinghe,China,141229.0346
Gucheng,China,84754.39109
Zhenping,China,156472.3228
Beipiao,China,116617.7036
Qian'an,China,190878.3008
Zhaogezhuang,China,63014.20052
Shilong,China,53945.78732
Laohekou,China,128896.9922
Qingan,China,92637.01204
Gucheng,China,115583.106
Dongguang,China,57940.72307
Dengzhou,China,1095052.339
Lvjiatuo,China,67418.94136
超化,China,73814.80876
Guantao,China,69673.60578
Yuanyang,China,98685.85394
Xiushan,China,85557.66982
Yichun,China,57447.40017
Xunxian,China,81563.83707
Lushan,China,95942.46822
Nangang Industrial Zone,China,210710.1952
Dezhou,China,459281.8355
Daming,China,85153.03496
Linqing,China,282112.267
Yetouzi,China,80320.93659
Huaxian,China,174470.4238
Kaili,China,386452.5723
Jianchang,China,77808.16448
Baofeng,China,79992.83507
Luanzhou,China,82578.77016
Neihuang,China,90668.55827
Wucheng,China,66552.41955
Yanjin,China,65111.80406
Xinglong,China,50720.81555
Guodian,China,55195.98268
Jia,China,91599.8861
Guanxian,China,99976.6265
Nandagang Management Area,China,59193.65067
Yuzhou,China,245470.1401
Nanyang,China,768609.6837
Baise,China,119254.0624
Tieli,China,74234.80351
Huanghua,China,115596.4046
Xiajin,China,127923.0946
Hulan,China,376429.4294
Xinzheng,China,311647.0202
Zhongmu County,China,134428.1121
Xuedian,China,80531.62742
Puyang,China,871558.6993
Bencheng,China,97038.28262
Pingdingshan,China,703495.1341
Caofeidian,China,56120.36514
Zigui,China,61080.42562
Huayuan,China,70744.95907
Ningjin,China,71337.19424
Yanshan,China,51806.59151
Jingxi,China,73108.43865
Songbei,China,54770.47798
Fengqiu,China,101771.2946
Lingcheng,China,133590.2425
Xuchang,China,1821623.73
Kaifeng,China,1296333.573
Xinye,China,92242.03025
Fuxin,China,522330.2681
Shuangliao,China,85138.13503
Baojing,China,52110.25631
Pingyuan,China,91558.04062
Lingxi,China,72282.7649
Harbin,China,4591886.117
Funing,China,50419.45217
Fangcheng,China,75930.75753
Nanzhang,China,104918.5373
Changyuan,China,144922.1031
Xiangyang,China,938343.5055
Sangzhi,China,66409.59731
Gaotang,China,108888.9526
Dongliang,China,128414.0895
Ye,China,80604.08103
Chihu,China,79292.97879
Nandan,China,50540.64139
Shenxian,China,111748.8825
Nanpu,China,68063.88277
Sheqi,China,79514.78727
Tianyang,China,50137.10337
Changli,China,124654.871
Tongren,China,255612.461
Liaocheng,China,530298.9758
Yixian,China,77883.00348
Laoting,China,93973.79939
Laoling,China,139847.916
Qinhuangdao,China,727667.2924
Xiangfu,China,77534.86002
Weishi,China,103792.4598
Yichang,China,1573288.706
Shuangcheng,China,171886.5067
Tanghe,China,191819.9348
Chiping,China,167049.2567
Yanggu,China,165379.823
Jishou,China,190542.9094
Linyi,China,108311.2593
Xinhuang,China,51079.86607
Shanhaiguan,China,129429.4564
Yucheng,China,114562.4429
Dongming,China,66622.16907
Tiandong,China,66816.39594
Nong'an,China,112174.2842
Jinzhou,China,854827.555
Tongxu,China,62037.06361
Yanling,China,97613.20372
Yicheng,China,109506.8597
Wuyang,China,93236.17709
Linying,China,187946.2424
Fuyu,China,56864.58636
Wugang,China,94977.72014
Shouzhang,China,73403.80233
Lankao,China,89414.81635
Zhangjiajie,China,163528.3418
Huludao,China,497400.9087
Chenwang,China,84182.1733
Shanghe,China,66858.96644
Dong'e,China,89965.99808
Suizhong,China,91625.78435
Wudi,China,64713.45597
Nancha,China,61162.19175
Xingcheng,China,144907.0662
Acheng,China,233660.0761
Qihe,China,121109.2674
Qixian,China,103832.034
Zaoyang,China,155165.1305
Yidu,China,77990.9565
Linghai,China,92147.44527
Luohe,China,1183149.362
Dangyang,China,123327.9848
Mayang,China,55055.98908
Huji,China,68928.56195
Heze,China,450571.5074
Zhuangzhai,China,80616.25102
Biyang,China,106314.6627
Huimin,China,60085.4719
Fugou,China,67747.13058
Dehui,China,136404.6552
Jinchengjiang,China,257189.4786
Longzhou,China,51651.39353
Heishan,China,129003.8255
Wuxi,China,53094.58871
Pingyin,China,115015.4642
Zhijiang,China,63992.20114
Jinan,China,3824874.947
Jiyang,China,83380.50563
Liangshan,China,104523.7091
Yuanling,China,114030.6024
Xiping,China,128824.1383
Zhijiang,China,102588.7261
Jingmen,China,159550.3873
Yuncheng,China,147830.9501
Duodao,China,113203.0691
Shiheng,China,68664.64013
Cili,China,86144.50615
Chenxi,China,97001.56197
Lishu,China,89792.79681
Quanpu,China,103691.8879
Minquan,China,88367.71128
Yingkou,China,936823.1537
Pingguo,China,81726.13421
Changchun,China,3519692.241
Faku,China,56924.87903
Xinmin,China,193800.7064
Sui,China,77977.4032
Zhanhuaqu,China,51257.20998
Xihua,China,55244.62991
Suiping,China,74332.22665
Songzi,China,68327.25188
Ningming,China,52144.89216
王瓜店街道,China,57995.0455
Tongbai,China,82568.19797
Shimen,China,103503.8278
Dongping,China,112726.2298
Hongjiang,China,90139.38421
Yushu,China,197508.2737
Weiqiao,China,60475.48499
Fanjiatun,China,72241.99194
Siping,China,508075.3861
Hegang,China,504410.155
Gongzhuling,China,196812.7982
Caoxian,China,209734.0347
Taikang,China,86915.61362
Binbei,China,68317.22054
Feicheng,China,186690.8524
Zhumadian,China,909143.6087
Zhongxiang,China,157863.4531
Shangcai,China,169320.6961
Shuantaizi,China,192853.872
Binzhou,China,696957.5372
Juye,China,87568.64365
Dahua,China,73087.43165
Diaobingshan,China,140295.3227
Panjin,China,577711.9971
Zhoukou,China,788575.6561
Ningling,China,61291.24
Wenshang,China,93995.57597
Jiutai,China,144498.9213
Anjiang,China,77724.32625
Jingzhou,China,73900.76975
Jingzhou,China,625684.7018
Changtu,China,89348.64808
Taian,China,57358.78069
Bacao,China,61034.84823
Zouping,China,233401.0865
Zhangqiu,China,310416.7429
Chengwu,China,101261.6112
Xupu,China,107895.5335
Tai'an,China,707594.5309
Huaiyang,China,145270.2271
Lixian,China,189773.0916
Dawa,China,58829.99222
Jiaxiang,China,190895.0473
Hechi,China,91277.30054
Liaozhong,China,80837.42615
Sanzhouyi,China,125852.0741
Runan,China,142383.5642
Suizhou,China,249978.9037
Zhenxiabo,China,121708.0822
Wuchang,China,164689.0216
Kaiyuan,China,239150.0803
Dongying,China,646178.0296
Zhecheng,China,119222.5164
Shangqiu,China,779506.7347
Ningyang,China,111143.2825
Nuomuhuicun,China,112042.8981
Boxing,China,145414.2436
Gong'an,China,123572.6809
新城子区,China,108448.6558
Zhoucun,China,235869.579
Tonghe,China,57382.89985
Minggang,China,62273.12626
Shenyang,China,6175249.766
Jining,China,849584.7348
Tieling,China,183323.8914
Jinxiang,China,108593.1318
Xiangcheng,China,231203.2804
Taoyuan,China,90188.4289
Shanxian,China,236412.2017
Changde,China,603681.4442
Gulou,China,235458.3153
Huantai,China,127346.4613
Anhua,China,81535.62984
Zibo,China,1680283.24
Rongshui,China,64211.57948
Pingyu,China,125191.8882
Yitong,China,71141.9664
Dongying,China,126739.051
Xinshi,China,127046.4014
Dancheng,China,116973.932
Wuming,China,84686.5477
Yucheng,China,77404.1889
Rong'an,China,86208.88219
SHIBU,China,57145.19097
Jiamusi,China,705050.6848
Shanhe,China,54967.71146
Zhengyang,China,98664.94497
Qufu,China,243582.7888
Xinyang,China,350066.6744
Fangzheng,China,53298.42855
Shangzhi,China,114329.7072
Shuangyang,China,100625.2502
Shenqiu,China,131352.4683
Changling,China,58657.55501
Nanning,China,3695574.553
Yingkou,China,939506.8706
Luyi,China,97367.39668
Dongkou,China,71476.24043
Guangrao,China,91541.9878
Laiwu,China,369298.6755
Huachuan,China,59490.47992
Shulan,China,181922.7177
Linzi,China,311216.5697
Zoucheng,China,462608.8373
Liu'erbao,China,52127.16304
Anxiang,China,110093.59
Qianjiang,China,111193.3552
Shangsi County,China,54664.08583
Teng'ao,China,67167.19092
Tianmen,China,402717.7576
Shishou,China,96000.738
Liaoyuan,China,328965.5437
Fushun,China,852127.9579
Anshan,China,1495742.503
Guangshui,China,101502.809
Laobian,China,76188.66008
Sishui,China,90552.56281
Yutai,China,72627.27244
Yudong,China,101330.0269
Dawang,China,84793.73763
Hanshou,China,91239.17616
Dengta,China,81966.44032
Liaoyang,China,640795.052
Yuekou,China,58030.20185
Xianhu Economic Development Zone,China,53888.1508
Haicheng,China,396342.8104
Gangcheng,China,198460.8346
Bozhou,China,627970.2555
Anlu,China,341145.2933
Wugang,China,142476.9386
Dashiqiao,China,348320.4877
Yongning,China,75514.72221
Bayuquan,China,283444.459
Jilin City,China,1474659.181
Xiayi,China,93643.94677
Wushengguan,China,50901.45513
Xinhua,China,148901.2161
Nanhuayuan,China,128933.7123
Nan County,China,158591.7369
Zhaotun,China,117452.2949
Jieshou,China,124500.4866
Xincai,China,98334.83029
Liuzhou,China,1318051.418
Binyang,China,182226.0841
Fengxian,China,127065.8305
Dongxing,China,85094.20844
Loushan,China,78693.89715
Qianjin,China,50241.93507
Gaizhou,China,186511.1265
Xintai,China,236799.78
Yingcheng,China,145101.1803
Huarong,China,106914.9661
Qingzhou,China,338584.0994
Xiongyue,China,79772.05251
Linquan,China,173937.1782
Longhui,China,86878.41868
Liuzhuang,China,103867.422
Lengshuijiang,China,255967.1998
Shouguang,China,350721.9224
Dawu,China,101366.1617
Xi,China,115296.3645
Xiping,China,95597.27302
Yunmeng,China,120503.8506
Tengzhou,China,1033768.595
Jianli,China,143632.0762
巴虎屯村,China,69835.31247
Laibin,China,260628.047
Xiaochang,China,83862.90201
Yiyuan,China,151457.0051
Datun,China,56605.23779
Linqu,China,280462.9729
Gongchangling,China,52651.94819
Peixian,China,154587.5417
Huancheng,China,204649.6776
Xiantao,China,278584.9138
Taojiang County,China,135407.6227
Pingyi,China,169009.2202
Weihe,China,55508.66475
Yuanjiang,China,142778.3884
Xinning,China,78258.83125
Luzhai,China,92961.76479
Fangcheng District,China,109670.9337
Taihe,China,160999.6585
Lianyuan,China,177880.8914
Guilin,China,965075.588
Benxi,China,773945.62
Yiyang,China,771016.1691
Xiaogan,China,812534.4531
Tongjiang,China,76727.21848
Changle,China,70150.55545
Litang,China,65377.82421
Xinshao,China,95968.47175
Lingchuan,China,75848.29368
Shaoyang,China,480290.4264
Weishan,China,123555.7913
Shaoyang,China,95963.15902
Jixian,China,89441.37752
Mengyin,China,133831.5878
Yongcheng,China,334148.2745
Hanchuan,China,508039.93
Dongfeng,China,54678.19406
Qinzhou,China,193677.8218
Shanting,China,63463.7212
Fujin,China,263095.3392
Shuangyashan,China,224673.4749
Wafangdian,China,319394.3383
Guangshan,China,93744.60401
Weifang,China,961427.8535
Huangchuan,China,154119.7036
Makou,China,137727.6572
Zaozhuang,China,200465.4255
Huanan,China,71839.98503
Qingyuan,China,66444.19026
Taozhuang,China,62335.50704
Xing'an,China,85196.51643
Panshi,China,104053.0094
Guoyang,China,131797.6165
Loudi,China,686965.3002
赵家沟,China,134946.9308
Fuyang,China,1026178.734
Yueyang,China,830338.0973
Huaibin,China,95623.94674
Changyi,China,400489.5285
Shaodong,China,173053.8403
Benxi Manchu Autonomous County,China,75669.60604
Pulandian,China,161209.6775
Dalian,China,3599519.205
Funan,China,128555.0011
Wuxuan,China,54239.76106
Honghu,China,94562.5022
Meihekou,China,223906.4081
凤凰山办事处,China,146090.5526
市中区,China,444791.1128
Huaibei,China,886633.6337
Xiaoxian,China,136756.6948
Wuhan,China,8079484.041
Dong'an,China,89673.58886
Hengzhou,China,140434.7445
Hong'an,China,122136.0302
Xinxian,China,63094.70067
Feixian,China,159716.6837
Xuzhou,China,1310474.558
Quanzhou,China,66213.80024
Huangpi,China,140026.0948
Panlongcheng Economic Development Zone,China,93519.53065
Yueyang,China,120187.8616
Baoshan,China,66211.53396
Jiaohe,China,131614.0257
Ningxiang,China,155812.5595
Guigang,China,261421.7151
Lixin,China,114672.8408
Longgang,China,114397.8753
Baiyun,China,123715.2829
Huinan,China,101292.2166
Anqiu,China,784572.4162
峄城区,China,72635.39943
Xiangyin,China,194006.9838
Lingshan,China,180563.0469
Laizhou,China,279120.3299
Lipu,China,60361.12641
Hannan District,China,87046.73197
Yishui,China,226795.4017
Shuangfeng,China,83274.4614
Xiuyan,China,79376.47044
Miluo,China,402573.7158
Yongzhou,China,416167.6339
Yinan,China,140795.1902
Jiawang,China,94943.23202
Yuyue,China,97496.31287
Linyi,China,1555397.381
Wangcheng,China,67832.63127
Xinjia,China,167513.8585
Liuhe,China,75036.92654
Gushi,China,188007.044
Zijingshan,China,110485.6196
Mengcheng,China,120364.7664
Zhengdian,China,240168.4162
Xiangxiang,China,149318.775
Shangcheng,China,54304.86609
Boli,China,70388.43184
Yangluo Subdistrict,China,113793.2046
Beihai,China,593711.3003
Huadian,China,130717.0105
Chibi,China,171579.2068
Changsha,China,3246971.247
Qiyang,China,141685.7838
Lingling,China,139586.5878
Lanling,China,215497.3516
Suzhou,China,956856.3187
Macheng,China,136894.2794
Guiping,China,407485.6316
Zhaoyuan,China,149781.9265
Mengshan,China,55153.89641
Pubei,China,87033.12508
Xinzhou District,China,128392.3522
Zhuanghe,China,132632.486
Pingdu,China,285945.9314
Qidong,China,179333.482
Yingshang,China,90277.84721
Xinxing,China,421506.976
Juxian,China,192648.0596
Shepo,China,81086.75857
Xingye,China,66449.78612
Yuhu,China,433590.4342
Nianzhuang,China,125328.0057
Tongcheng,China,79660.43839
Pingnan,China,149115.8384
蕲县镇,China,67185.54937
Xianning,China,276076.6493
Tiancheng,China,92317.90959
Gaomi,China,599933.8918
Zucheng,China,759969.1985
Hengyang,China,120457.2906
Mule,China,105558.3279
Xiangtan,China,302468.2492
Linkou,China,61417.19219
Tuanfeng,China,50761.84423
Qitaihe,China,90591.94339
Fengcheng,China,171441.0822
Futang,China,59646.46762
Luling,China,86211.56225
Wulian,China,129400.2681
Yitang,China,702593.9579
Yong'an,China,133769.1147
Xiangtan,China,102212.456
Zhaoping,China,60709.56979
Guanhu,China,70719.86028
Huoqiu,China,66735.04428
Pingjiang,China,94055.53515
Yeji District,China,54095.82307
Ezhou,China,583820.3051
Zhuzhou,China,1005568.009
Yulin,China,563896.6231
Gushan,China,55457.46923
Qixia,China,90237.26553
Junan,China,128930.0394
Tancheng,China,131989.9119
Hengyang,China,809270.6027
Bobai,China,132423.7297
Fengtai,China,100197.4811
Meishan,China,91564.41345
Mudanjiang,China,758111.5628
Linshu,China,136832.9481
Tonghua,China,57860.30997
Laixi,China,206310.05
Jianghua,China,61822.76668
Fushan,China,861616.5351
Panji,China,59100.56499
Dongfang,China,101809.0854
Zhentou,China,93588.55034
Jiaozhou,China,472799.7206
Sihecun,China,58637.02416
Hengshan,China,58212.08738
Baoqing,China,92166.17589
Guzhen,China,64552.93794
Tonghua,China,316018.2269
Huanren,China,81379.91987
Changning,China,124680.8335
Beiliu,China,159347.3088
Zhongshan,China,66367.11349
Laiyang,China,265846.9532
Lingbi,China,122747.5448
Tongyang,China,73507.80895
Erdaojiang,China,79762.25735
Ningyuan,China,97791.4852
Shouxian,China,83378.94304
Kuandian,China,91876.16149
Xinyi,China,182062.7744
Huangshi,China,753021.1334
Suining,China,240918.3203
Luotian County,China,66253.57519
Tianjia‘an,China,1177306.495
Ning'an,China,77145.96647
Xintian,China,80194.34179
Luchuan,China,115762.0369
Qingping,China,51026.2203
Huaiyuan,China,134556.4698
Liuyang,China,456892.411
Dongjingcheng,China,63245.94109
Rong,China,117198.1327
Hengdong,China,66317.67648
Jixi,China,413446.2251
Xishui County,China,132230.5671
Gugang,China,65372.73404
Dunhua,China,201611.2965
Jihongtan,China,85311.64373
Baishan,China,596609.534
Jiangyuan,China,177102.0091
Rizhao,China,459143.6647
Yanxi,China,89028.59647
Dandong,China,714737.8993
Teng,China,79037.96212
Pidong,China,92075.89202
Bengbu,China,671788.502
Qingdao,China,3682893.314
Shatian,China,62855.82962
Hezhou,China,378622.1214
Changjiang Li Autonomous County,China,52630.91658
Suqian,China,957665.3266
Anpu,China,83264.50433
Hengshan,China,73668.3927
Liling,China,622255.3909
Muling,China,51402.59866
Shiren,China,63325.64263
胶南,China,320502.3813
Donghai,China,168296.8034
Mashan,China,66470.62725
Jingang,China,68916.37344
Donggang,China,107045.1528
Lanshan,China,104410.8947
Lu'an,China,891648.1249
Huangdao District,China,565693.2258
Huangchuan,China,71513.9285
Yingshan County,China,83953.41827
Leiyang,China,882594.3728
Xiejiazhuang,China,96347.56688
Pukou,China,324815.9632
Sixian,China,78751.07137
Lanshan,China,62854.73478
Jidong,China,55606.83762
Ganyu,China,194501.0205
Mouping,China,181200.9047
Lianjiang,China,226042.9374
Qichun County,China,103944.8163
Xiushui,China,106400.7761
Shangli,China,99066.21083
Hejie,China,70535.12367
Cenxi,China,365299.8593
Changfeng,China,92846.19608
Wuzhou,China,370100.9916
Huoshan,China,58518.80326
Huanglong,China,89928.12883
Yangxin,China,97774.59522
Fengyang,China,53154.33893
Nuodong,China,87560.92332
Longxu,China,68428.71738
Xiangdong,China,96260.98539
Suixi,China,165148.9046
Lianxing,China,87309.9281
Leizhou,China,278001.0772
Haizhou District,China,985186.1122
Yanghe,China,199651.1072
Dongcun,China,129214.7175
Guiyi,China,130729.4284
Ledong Li Autonomous County,China,54498.70866
Pingxiang,China,501236.9411
Nanxing,China,55390.8176
Wuhe,China,93245.99716
Longmen,China,59565.44339
Lingao County,China,91125.70616
Zhanjiang,China,463738.6127
Sihong County,China,224157.3365
Anren,China,51152.3141
禅妙村,China,163311.3457
Danzhou City,China,471953.4761
Shuyang,China,363143.5367
Matian,China,54529.53135
Mishan,China,98022.26905
Xugou,China,203134.1948
Meichuan,China,58550.51618
Guiyang,China,129942.6063
Weihai,China,535089.0962
Daye,China,51126.15642
Xinyi,China,197050.0434
Xiashan,China,646831.5309
Linjiang,China,85219.09079
Fengkai,China,69649.80175
Huazhou,China,166061.3573
Tangzhui,China,57124.89849
Luxi,China,53972.38019
Rushan,China,183403.7734
Wuning,China,93433.67156
Linwu,China,73914.72102
Banpuzhen,China,56912.79176
Wuxue,China,199875.6859
Ji'an,China,80356.29781
Gaozhou,China,515770.4851
Yongxing,China,65726.356
Liannan,China,57228.04144
Changqi,China,95730.64443
Chaling,China,101512.985
Songshan,China,60296.57129
Siyang,China,193424.2301
Hefei,China,5646049.263
Lianzhou,China,138395.2579
Yunan,China,90469.81055
Dingyuan,China,131594.2035
Damo New Village,China,68845.15505
Xuwen,China,197195.6736
Wuzhishan City,China,50973.23617
Wanzai,China,112366.1162
Chenzhou,China,617069.9976
Guanyun,China,108943.962
Zhenwen,China,51115.36174
Maoming,China,584252.9546
Tianya District,China,90313.02593
Haiyangsuo,China,56092.86274
Wendeng,China,224205.8515
Shucheng,China,124894.3901
Wuchuan,China,255799.1138
Yichun,China,1043123.423
Chengmai County,China,77299.79955
Huangmei County,China,92139.77836
Antu,China,56129.03523
卞庄,China,95140.94975
Ruichang,China,113744.9117
Lianhua,China,53116.31566
Zixing,China,235331.7246
Changliu,China,69478.61636
Sanya,China,421521.503
Yizhang,China,73409.71581
Jinxi,China,83855.95299
Susong,China,100719.0626
Poxin,China,54769.91549
Taiping,China,89155.85801
Xiuying District,China,1374151.77
Luoding,China,243811.2639
Huaiji,China,131187.1377
Deqing,China,87546.22094
Lintou,China,104464.4976
Guannan,China,165759.32
Dianbai,China,178115.6375
Qianshan,China,89749.10959
Sanhe,China,54746.61681
Huaiyin District,China,1717420.561
Tunchang County,China,69442.65261
Xuyi County,China,122834.2241
Jiujiang,China,570902.5578
Shanggao,China,101697.5368
Tongcheng,China,117455.2673
Xiaochikou,China,53917.38925
Fenyi,China,102339.1416
Yangshan,China,103754.4286
Xiangshui,China,107808.3218
Chaisang,China,56115.84683
Rongcheng,China,174922.7995
Shuzi,China,85760.89171
Lianshui County,China,165538.001
Hedong,China,68555.72301
Huaining,China,79787.10411
Suifenhe,China,109630.7844
Chi'an,China,118307.0285
Bohe,China,69750.08064
Huai'an District,China,584706.8067
Yongxin County,China,62095.56613
Lujiang,China,140133.2635
双桥村,China,58649.31564
Diancheng,China,102047.846
Wangqing,China,80912.49559
Anyi,China,86118.37254
Yunfu,China,207900.861
Lingshui Li Autonomous County,China,92797.22246
Jianhuai,China,55003.60979
Anfu County,China,67370.57551
Hukou,China,98364.67803
Xinyu,China,851535.5887
Nankang,China,143448.0323
Guangning,China,117313.0117
Gao'an,China,353080.4476
Lechang,China,198589.5388
Yangchun,China,230749.9554
Chuzhou,China,295741.8622
Tubu,China,73943.71981
Qionghai,China,146854.4967
Yangxi,China,113214.5173
Binhai,China,220357.5663
Wangjiang,China,72789.81366
Yanji,China,426296.1558
Jinhu County,China,116258.5951
Helong,China,87214.73785
Chaohu,China,243724.4181
Anqing,China,469918.8133
Wanning,China,239001.9364
Quanjiao,China,126047.1868
Ruyuan,China,51073.2226
Dongning,China,53479.13057
Zongyang,China,75138.21023
Wenchengzhen,China,70834.6031
Xinxing,China,146044.2232
Nanchang,China,3641447.232
Baoying,China,240818.1608
Zhaoqing,China,592201.3813
Funing,China,197285.4829
Longjing,China,91990.98486
Donggou,China,76711.94175
Hanshan,China,65903.26957
Heyun,China,62596.65593
Gaoyao,China,72419.28648
Sihui,China,378288.713
Yangjiang,China,490069.2173
Tumen,China,81312.74753
Wuwei,China,100155.3929
Zhangshu,China,243160.4189
Shaoguan,China,451566.5571
Tianchang,China,115626.8107
Qingyuan,China,711304.2973
Ji'an County,China,115442.8335
Baitu,China,54078.29955
Yaodu,China,54501.11938
Ji'an,China,248028.836
Beiguan,China,70077.74755
Chizhou,China,332925.4353
Xingan,China,79350.96694
Jianhu,China,256246.5758
拖船镇,China,60499.30509
石上村,China,116475.0999
Suichuan,China,113297.4679
Nanjing,China,8061028.981
Fuguancun,China,137556.773
Oucun,China,283638.6694
Liyang,China,90087.30035
Qujiang,China,107522.6476
Jishui,China,109754.846
Fengcheng,China,105056.3324
Chengjiang,China,121340.3638
Enping,China,373580.3284
向塘村,China,64082.87593
Jinli,China,73143.04736
Tongling,China,363352.9593
Yingde,China,168517.6761
Sanshui,China,139107.4521
Ma'anshan,China,1071589.268
Furong,China,68256.12928
Sheyang,China,152273.3478
Gaoming,China,296902.8466
Leping,China,101758.3467
Gaoyou,China,401965.9988
Wuhu,China,2137949.349
Shiling,China,126015.7714
Yongfeng,China,99275.15456
Guangzhou,China,42987704.03
Dangtu,China,74964.5011
Huadu,China,926827.5784
Xiangshan,China,54223.19044
Yancheng,China,1211453.665
Qinnan,China,72186.34743
Yizheng,China,193319.2435
Shangyou,China,76663.74541
Kaiping,China,327126.1653
Shixing,China,82534.57678
Fanchang,China,62754.7896
Jinxian,China,152284.0419
Poyang,China,188396.3629
Dayu,China,80227.69295
Heshan,China,201680.4499
Shuikou,China,123118.1464
Shijiao,China,119275.9705
Huadong,China,115115.5906
Hunchun,China,131357.8191
Huolong,China,156146.9129
Yangzhou,China,699842.7489
Siqian,China,64310.26093
Lukou,China,85868.26335
Xinghua,China,429553.3931
Nanxiong,China,99681.1132
Tangjiang,China,77810.47319
Taishan,China,248878.1276
Shaobo,China,52897.14893
Dagang,China,53515.2123
Jiangdu District,China,204333.7292
Yugan,China,177288.085
Nankang,China,460549.0074
Bashan,China,74182.90568
Le'an,China,76414.64882
Bowang,China,50527.39291
Ganzhou,China,1476965.841
Conghua,China,224453.8715
Jurong,China,189122.6299
Nanling,China,95258.72328
Jingdezhen,China,460993.4945
Taiping,China,54231.03448
Zhenjiang,China,782534.4796
Wanzhi,China,75134.94116
Fuzhou,China,880317.9731
Lishui,China,144752.1738
Wengyuan,China,99253.20092
Dantu District,China,54505.84049
Xinlong,China,105027.9057
Xingguo,China,168176.2182
Dongxiang,China,151447.3014
Gaochun,China,138041.8115
Leping,China,293644.2291
Taizhou,China,355520.3957
Dafeng,China,138525.1018
Jing,China,81556.07058
Xingtai,China,139787.4772
Yihuang,China,58963.88554
Sanjiao,China,77991.4837
Quannan,China,69208.83572
Xinfeng,China,134710.7608
Wannian,China,97630.71514
Wanqingsha,China,164710.8855
Danyang City,China,312782.4356
Pingsha,China,115005.3909
Xuancheng,China,427031.541
Getian,China,206055.581
Xinfeng,China,104522.5869
Dongtai,China,466190.279
Yangzhong,China,136622.8871
Dengbu,China,54028.22005
Gaogang,China,52365.87647
Doumen,China,236202.1835
Yudu,China,223352.5198
Zhuhai [Macau],China,2253273.358
Jiangyan,China,227734.8352
Longnan,China,123691.7964
Danbei,China,108204.4731
Lianping,China,78469.68396
Jinwan,China,67023.46833
Jincheng Town,China,254614.8507
Binjiangzhen,China,53850.36059
Jinxi,China,62013.49491
Longmen,China,85352.51889
Jaingbian,China,199841.9747
Taixing,China,466710.5802
Yanwucun,China,86850.56043
Liyang,China,396226.4274
Nancheng,China,137937.0716
Dexing,China,68695.8357
富安镇,China,54088.86375
Changzhou,China,2772877.635
Taipa,China,156278.5535
Wuyuan,China,53189.42173
Huayuan,China,133365.4704
新华村,China,187997.0202
Ningdu,China,159642.0622
Hai'an,China,247676.1497
Zhongxin,China,57932.70447
Huangqiao,China,109539.5845
Nanfeng,China,110005.5122
Dingnan,China,92279.0789
Huangshan,China,372353.8864
Ningguo,China,374586.8945
Guangchang,China,83319.19032
Shexian,China,63377.60846
Heping,China,107459.7611
Boluo,China,206192.4003
Yiyang,China,86027.87761
Anyuan,China,80099.12263
Rugao,China,139223.1607
Jingjiang,China,605128.8279
Tuen Mun,China,1081304.917
Jiangyin,China,659293.6267
Heyuan,China,466334.8709
Puqian,China,86743.37226
Guangde,China,98093.04222
Shenglicun,China,343211.0376
Tung Chung,China,76469.81531
Yixing,China,452718.1048
Hengfeng,China,87635.54031
Huizhou,China,1061951.602
Huichang,China,86684.212
Shibei,China,68451.63396
Ruijin,China,211191.9915
Fanling,China,308647.6517
Lichuan,China,80729.0479
Hong Kong,China,4807599.362
Xinxu,China,64541.17249
Dingshu,China,176723.3117
Yuqi,China,122938.7879
Shicheng,China,77569.91342
Zhangjiagang,China,1099544.83
Tai Po,China,279866.7745
Suzhou,China,11540429.52
Qingyang,China,56809.38159
Yantian District,China,226997.1866
Hekou,China,63495.34268
Huiyang,China,589201.61
Sha Tin,China,682643.2024
Shangrao,China,613470.9556
Changning,China,70546.03631
Dapeng New District,China,52086.66847
Guangze,China,50086.52614
Longchuan,China,172656.3415
Jinfeng,China,99188.00462
Nantong,China,2608603.798
Changxing,China,279999.776
Huidong,China,423791.4619
Xibei,China,186336.6357
Anji,China,201933.4147
Changting,China,119482.3955
Yushan,China,175657.0114
Ninghua,China,67799.82289
Fenghuang,China,67921.29357
Zijin,China,203655.5781
Yangkou,China,281045.4333
Rudong,China,141156.1762
Changshu,China,795441.3301
Chun'an County,China,86127.08003
Wuping,China,65404.63167
Guangfu,China,153609.1778
Huzhou,China,431048.7139
Shaowu,China,105234.8651
Zhangpu,China,158436.3205
Pingyuan,China,97929.29639
Huacheng,China,71966.12938
Jilong,China,82426.11288
Fenshui,China,51783.53846
Xingning,China,669444.5979
Jiangshan,China,155476.9651
Meili,China,187366.6349
Quzhou,China,959819.2366
Lin'an District,China,220203.5554
Huangbu,China,86315.59105
Deqing,China,160190.7787
Zhili,China,123947.448
Dongshan,China,99369.50866
Linhu,China,91352.07198
Wuyishan,China,84943.63268
Haimen,China,453137.2771
Jiande,China,131490.8559
Jiaoling,China,96990.63718
Shanghang,China,72050.40462
Wuhua,China,217288.9228
Hengshan,China,96846.71717
Nanxun,China,182618.0923
Meilong,China,92057.16229
Hangzhou,China,6387063.595
Anliu,China,69671.12001
Xindeng,China,61915.50284
Meizhou,China,524592.5095
诚心村,China,64782.67736
Haifeng,China,351528.7673
Tangqi,China,69569.9822
Xinshi,China,52811.96376
Shaxi,China,96486.84335
Tonglu County,China,148483.6002
Gongping,China,71924.72816
Fuyang,China,422210.1225
Wangjiangjing,China,758849.1496
官潭村,China,74719.31188
Zhouquan,China,55863.08309
Lvsigang,China,106729.5601
Shanwei,China,478813.7908
Shanghai,China,30678616.23
Luhe,China,108725.7693
Lili,China,400821.294
Jianyang,China,88068.42122
Lanxi,China,264982.1086
Qiandeng,China,70939.55622
Chongfu,China,86025.4731
Pucheng,China,60883.17879
Tongxiang,China,417495.3245
Jiexi,China,125603.7936
Jiaxing,China,659472.4007
长安大学城,China,107591.7805
Chongming,China,135058.2389
Yong'an,China,146217.2365
Lufeng,China,310569.9363
Zhujiajiao,China,74026.74135
Qidong,China,404692.3004
Jinhua,China,1195207.373
Sanming,China,243815.2948
Lingpu,China,79831.22469
Fengshun,China,217694.5436
Jiashan,China,382063.9177
盐官古城,China,60744.82199
Jingxiyuan,China,60845.67535
Yongding,China,50345.23847
Haining,China,201885.4151
Longyan,China,392111.6852
Pujiang,China,210681.2709
Sha,China,99219.99621
Jinhe,China,501040.552
Fengjing,China,65996.19496
Shantou,China,10579302.53
Zhuji,China,522884.4468
Diankou,China,89406.66809
Jieshi,China,205340.985
Jian'ou,China,68804.57572
Pinghu,China,258255.2014
Yinong,China,63154.48817
Dabu,China,96511.1033
Kuitan,China,100436.4229
Xietang,China,132124.7531
Xindai,China,55114.71067
Zhujing,China,138420.4437
益农村,China,65266.71777
Dachen town,China,52832.0196
Yanping,China,161260.549
Haiyan,China,175670.0543
Yiwu,China,718657.1485
Longquan,China,76470.00821
Changxing,China,61835.46552
Yexie,China,78506.11856
Suxi,China,60796.39935
Zhapu,China,93735.31883
Fengqiao,China,69853.54397
Jiadong,China,164162.8481
Zhangping,China,68685.81973
Fotang,China,92094.06824
Songyang County,China,55653.48706
Wuyi County,China,77216.37162
Tinglin,China,61598.71157
黄姑社区,China,77681.47411
Xixi,China,182099.1653
Dongyang,China,389713.2905
Daoxu,China,103246.2063
Jinshan,China,311363.7618
Xilu,China,215051.4281
后金,China,65670.8843
Raoyang,China,90624.03008
Huilai,China,282493.7199
Zhelin,China,103030.0095
Shangyu District,China,307509.2959
Yongkang,China,373294.6221
Cixi,China,1459130.88
Youxi,China,64967.30539
Nanma,China,53111.44046
Hexi,China,67022.35057
Hengdian,China,97627.61633
Zhiying,China,119994.4955
Yunhe County,China,74597.3095
Xian'an,China,65409.24306
Chenghai,China,886988.4253
Nanjing,China,78588.82303
Lishui,China,468870.2282
Pinghe,China,118794.5255
Haojiang,China,135936.4007
Yuyao,China,624778.6971
Raoping,China,307270.0963
Jinyun County,China,116849.7828
彭镇,China,57378.66566
WenJiancun,China,67796.40941
Shengshan,China,192399.6374
Huzhen,China,68007.10875
Shengzhou,China,288247.4336
Gutian,China,93465.56324
Xinchang,China,227109.5423
Zhangzhou,China,1535555.905
Hutou,China,59730.43853
Zhao'an,China,116229.3912
Yangtian,China,86259.02867
Dehua,China,63197.18964
Yunxiao,China,134110.0587
Cicheng,China,63177.72164
Yongchun,China,136056.6885
Guanqiao,China,82180.71509
Taishun,China,63856.00497
龙山镇,China,75365.43469
Anxi,China,184534.5917
Zhangpu,China,107311.6454
Ningbo,China,2953172.434
Xikou,China,73039.43944
Xianju County,China,159039.6215
Zhenhai District,China,56751.13627
Guankou,China,322192.6608
Tiantai County,China,165151.9654
新垵,China,138478.3352
Fenghua District,China,228976.501
Qingtian,China,100223.6879
Luncang,China,72088.98787
Jiangshan,China,59932.93906
Tong'an,China,351892.1287
Wencheng,China,64514.46255
Fu'an,China,356776.3552
Jimei,China,117406.5754
Xiamen City,China,1676986.913
Wenxi,China,60527.25893
Nan'an,China,134904.7996
Xianyou,China,355995.9123
Meishan,China,77828.85366
Neicuo,China,166591.0761
Minhou,China,80160.93659
Yongtai County,China,54733.97906
Luojiang,China,101478.1858
Xidian,China,52171.4201
Kangmei,China,124606.1509
Beilun District,China,432557.8285
Ningde,China,350783.2346
Xiaducun,China,54983.145
Fuzhou,China,2880409.893
Quanzhou,China,3384624.24
Ninghai County,China,283571.6123
Daishan County,China,91591.3457
Linhai,China,343380.9428
Wenzhou,China,3838181.83
Haiyou,China,70404.29872
Luoyuan,China,91289.28572
Shuitou,China,110698.1439
Jiaowei,China,50609.01545
Dinghai District,China,251642.0142
Putian,China,2463177.341
Jieshan,China,264334.7536
Fuding,China,95282.86203
Xianjiang,China,127077.291
Mawei,China,69045.68781
Lianjiang,China,137345.5236
Hui'an,China,325256.2305
Zhoushan,China,55248.27001
Cangnan,China,308094.3106
Qingkou,China,154849.1028
Quangang,China,166332.7569
Baiqi,China,65020.41915
Huangyan District,China,410735.4462
Chashan,China,98723.41663
Xiapu,China,134103.3413
Longgang,China,665961.1512
Shenhu,China,155583.2243
Yueqing,China,1135366.226
Pingyang,China,107151.0969
Changle,China,259052.441
Putuo District,China,235012.2579
Tingjiang,China,91859.25515
Yongning,China,79644.22578
Xiangshan County,China,180224.2454
Fuqing,China,378881.5933
Jinshang,China,114062.0835
Yuanqiao,China,65488.682
Dajing,China,53990.77468
Yishan,China,76721.01752
Taizhou,China,1395451.709
Chongwu,China,87607.58967
Hunan,China,171092.3636
Qianku,China,78072.17504
Yanpen,China,66442.3057
Duqiao,China,122312.6163
Jiangyin,China,56569.96379
Haikou,China,73174.87587
Shangpan,China,60958.58095
Jinxiang,China,95006.86575
Jiangjing,China,155597.3584
Wenling,China,339654.9637
Shipu,China,88430.88031
Damaiyu,China,77975.43475
Gangtou,China,55577.28909
Chumen,China,154381.9533
Xinhe,China,83708.85323
Yuhuan,China,250172.87
Dongtou,China,54241.78947
Songmen,China,80163.52241
Shitang,China,73415.88537
Pingtan,China,107085.0966