City,Country,Population (2025),Province ID,Victory Points
Moscow,Russia,14384081.55,,
London,United Kingdom,10408332.24,,
Paris,France,9328384.716,,
Madrid,Spain,5680136.544,,
Saint Petersburg,Russia,4878965.549,,
Barcelona,Spain,3908361.824,,
Berlin,Germany,3549996.965,,
Athens,Greece,3166757.394,,
Milan,Italy,3135553.23,,
Naples,Italy,2885079.239,,
Essen,Germany,2718996.316,,
Birmingham,United Kingdom,2617210.513,,
Kyiv,Ukraine,2575199.121,,
Manchester,United Kingdom,2539906.697,,
Rome,Italy,2476089.431,,
Rotterdam [The Hague],Netherlands,2173754.285,,
Minsk,Belarus,2093511.951,,
Vienna,Austria,2056564.784,,
Warsaw,Poland,1999985.522,,
Lisbon,Portugal,1974573.68,,
Bucharest,Romania,1971350.247,,
Munich,Germany,1827704.046,,
Budapest,Hungary,1743875.314,,
Hamburg,Germany,1733897.731,,
Stockholm,Sweden,1543891.723,,
Brussels,Belgium,1468753.608,,
Valencia,Spain,1404208.285,,
Novosibirsk,Russia,1342710.773,,
Kharkiv,Ukraine,1284379.986,,
Copenhagen,Denmark,1258201.641,,
Turin,Italy,1243448.069,,
Liverpool,United Kingdom,1243205.803,,
Amsterdam,Netherlands,1223406.697,,
Prague,Czechia,1201277.711,,
Belgrade,Serbia,1200546.585,,
Lyon,France,1194741.478,,
Nizhny Novgorod,Russia,1189992.794,,
Cologne,Germany,1156303.314,,
Kazan,Russia,1127086.347,,
Dublin,Ireland,1124519.535,,
Yekaterinburg,Russia,1102144.619,,
Sofia,Bulgaria,1068056.502,,
Porto,Portugal,1060250.077,,
Leeds,United Kingdom,1053955.19,,
Rostov-on-Don,Russia,1028671.913,,
Helsinki,Finland,1001124.665,,
Tirana,Albania,995788.7711,,
Glasgow,United Kingdom,992058.6034,,
Odesa,Ukraine,977813.1761,,
Samara,Russia,942553.304,,
Dusseldorf,Germany,921668.7577,,
Frankfurt,Germany,916259.4734,,
Marseille,France,911933.9794,,
Stuttgart,Germany,909231.6837,,
Lille,France,907122.8382,,
Oslo,Norway,889573.2617,,
Katowice,Poland,879406.2828,,
Ufa,Russia,872394.6235,,
Omsk,Russia,869414.9253,,
Voronezh,Russia,863683.7203,,
Chelyabinsk,Russia,809268.499,,
Thessaloniki,Greece,783449.5859,,
Newcastle upon Tyne,United Kingdom,770369.1144,,
Antwerp,Belgium,767652.2233,,
Dnipro,Ukraine,761539.6295,,
Saratov,Russia,761437.2728,,
Bonn,Germany,756475.1022,,
Krasnodar,Russia,753687.7014,,
Makhachkala,Russia,740511.5695,,
Bilbao,Spain,729221.8602,,
Krakow,Poland,723413.2294,,
Toulouse,France,712881.9928,,
Florence,Italy,711105.1703,,
Dortmund,Germany,709614.9434,,
Seville,Spain,696192.6227,,
Donetsk,Ukraine,690522.4886,,
Zurich,Switzerland,689208.0731,,
Bristol,United Kingdom,680809.3614,,
Palermo,Italy,666321.3296,,
Sheffield,United Kingdom,665294.4492,,
Hanover,Germany,663997.3352,,
Wuppertal,Germany,650877.1736,,
Nottingham,United Kingdom,650703.1974,,
Nuremberg,Germany,645852.529,,
Zagreb,Croatia,643961.8886,,
Bordeaux,France,642755.5421,,
Volgograd,Russia,632649.5527,,
Tyumen,Russia,627661.1046,,
Zaporizhzhia,Ukraine,624951.1655,,
Zaragoza,Spain,624270.7076,,
Lviv,Ukraine,604320.0966,,
Gothenburg,Sweden,599675.2527,,
Leipzig,Germany,585334.7999,,
Izhevsk,Russia,584048.4299,,
Lodz,Poland,582587.3155,,
Homel,Belarus,571256.5066,,
Dresden,Germany,566233.1883,,
Krasnoyarsk,Russia,559535.3204,,
Khabarovsk,Russia,538465.5922,,
Wrocław,Poland,531844.8448,,
Poznan,Poland,531735.5492,,
Edinburgh,United Kingdom,530165.3007,,
Leicester,United Kingdom,527123.7445,,
Yaroslavl,Russia,524797.4577,,
Genoa,Italy,523194.2257,,
Málaga,Spain,522826.643,,
Astrakhan,Russia,520144.9565,,
Utrecht,Netherlands,519237.0763,,
Riga,Latvia,516896.7559,,
Naberezhnye Chelny,Russia,499388.8254,,
Portsmouth,United Kingdom,480316.9241,,
Nantes,France,472261.9187,,
Kryvyi Rih,Ukraine,471275.3636,,
Palma de Mallorca,Spain,467467.9937,,
Tomsk,Russia,465966.4226,,
Bologna,Italy,456780.0897,,
Mannheim,Germany,456548.837,,
Brighton,United Kingdom,456337.3137,,
Catania,Italy,455595.1543,,
Chișinău,Moldova,450580.9625,,
Tallinn,Estonia,449860.9731,,
Bergamo,Italy,448363.9401,,
Barnaul,Russia,445561.4036,,
Kaliningrad,Russia,438434.9947,,
Cheboksary,Russia,437912.724,,
Coventry,United Kingdom,437237.4302,,
Belfast,United Kingdom,437125.4131,,
Vladivostok,Russia,436926.3431,,
Penza,Russia,436253.1594,,
Irkutsk,Russia,434849.2025,,
Geneva,Switzerland,433727.0321,,
Kemerovo,Russia,431190.0938,,
Ryazan,Russia,427329.6715,,
Bremen,Germany,425974.1066,,
Strasbourg,France,419245.0208,,
Wiesbaden,Germany,416574.2254,,
Podolsk,Russia,414099.0244,,
Mykolaiv,Ukraine,412070.1313,,
Orenburg,Russia,406413.556,,
Skopje,North Macedonia,402733.2785,,
Alicante,Spain,400711.1455,,
Mahilioŭ,Belarus,399368.6237,,
Gdansk,Poland,398019.1673,,
Brest,Belarus,397637.2771,,
Hrodna,Belarus,395329.5396,,
Nice,France,393492.4329,,
Cardiff,United Kingdom,388459.7329,,
Bournemouth,United Kingdom,382597.4271,,
Vitsebsk,Belarus,382195.1918,,
Las Palmas de Gran Canaria,Spain,378493.8292,,
Ulyanovsk,Russia,378458.512,,
Southampton,United Kingdom,374412.9982,,
Liège,Belgium,373661.8985,,
Ivanovo,Russia,368358.3335,,
Valletta,Malta,366065.5113,,
Santa Cruz de Tenerife,Spain,364849.4155,,
Belgorod,Russia,364359.3036,,
Mariupol,Ukraine,363415.2419,,
Granada,Spain,362800.4477,,
Stavropol,Russia,357344.4316,,
Vinnytsia,Ukraine,355789.1426,,
Magnitogorsk,Russia,351849.5172,,
Middlesbrough,United Kingdom,351680.2514,,
Grenoble,France,348043.2818,,
Luhansk,Ukraine,342311.1346,,
Murcia,Spain,341431.024,,
Vilnius,Lithuania,339420.3462,,
Tver,Russia,339394.2903,,
Malmo,Sweden,339006.7437,,
Augsburg,Germany,338257.1073,,
Montpellier,France,337380.5398,,
Timișoara,Romania,335524.6954,,
Plovdiv,Bulgaria,331577.8798,,
Stoke-on-Trent,United Kingdom,329687.9011,,
Sosnowiec,Poland,326519.9637,,
Cluj-Napoca,Romania,321094.5322,,
Hull,United Kingdom,321006.3242,,
Brno,Czechia,313581.6171,,
Тимофеевка,Russia,313301.1655,,
Vladikavkaz,Russia,312274.6522,,
Bari,Italy,311280.0539,,
Szczecin,Poland,311037.1241,,
Tambov,Russia,310657.8158,,
Bratislava,Slovakia,310203.9225,,
Valladolid,Spain,309896.4594,,
Rouen,France,309210.4024,,
Wakefield,United Kingdom,307083.2724,,
Graz,Austria,306742.2013,,
Tula,Russia,306559.0601,,
Iași,Romania,304851.3096,,
Lublin,Poland,304641.189,,
Busto Arsizio,Italy,303076.7748,,
Pamplona,Spain,302466.0817,,
Karlsruhe,Germany,299990.2123,,
Białystok,Poland,299385.8308,,
Saransk,Russia,298290.9652,,
Eindhoven,Netherlands,293437.7853,,
Simferopol,Ukraine,292024.4507,,
Vigo,Spain,291791.9252,,
Toulon,France,290434.0594,,
Kirov,Russia,289476.2591,,
Novokuznetsk,Russia,288929.5554,,
Lausanne,Switzerland,288887.6495,,
Novi Sad,Serbia,286752.5482,,
Yoshkar-Ola,Russia,286453.6342,,
Varna,Bulgaria,286140.3099,,
Basel,Switzerland,285822.942,,
Rajon Swerdlowski,Russia,285712.0235,,
Oryol,Russia,281341.9119,,
Smolensk,Russia,279694.4353,,
Kursk,Russia,278148.2743,,
Cherepovets,Russia,274713.8071,,
Reading,United Kingdom,273286.6547,,
Constanța,Romania,273012.0947,,
Murmansk,Russia,272711.5517,,
Derby,United Kingdom,271898.7841,,
A Coruña,Spain,271212.3439,,
Lipetsk,Russia,270711.2573,,
Münster,Germany,269164.0206,,
Bydgoszcz,Poland,269010.5501,,
Leiden,Netherlands,268630.5109,,
Luton,United Kingdom,268352.5163,,
Kaluga,Russia,267853.1707,,
Zelenograd,Russia,267174.7288,,
Southend-on-Sea,United Kingdom,265743.9698,,
Terrassa,Spain,261365.7794,,
Craiova,Romania,260150.1607,,
Gijón,Spain,258570.821,,
Cagliari,Italy,257467.8674,,
Caserta,Italy,256085.8646,,
Plymouth,United Kingdom,252927.7312,,
Ljubljana,Slovenia,252735.8561,,
Aarhus,Denmark,252649.2805,,
Dordrecht,Netherlands,252511.7677,,
Vitoria-Gasteiz,Spain,252151.3009,,
Rennes,France,251923.8291,,
Ghent,Belgium,250379.4357,,
Gillingham,United Kingdom,247682.0877,,
Kherson,Ukraine,246356.7046,,
Vologda,Russia,245775.7699,,
Ulan-Ude,Russia,245015.7896,,
Padua,Italy,244498.4849,,
Novorossiysk,Russia,244138.2684,,
Brescia,Italy,243287.4191,,
Linz,Austria,243242.7563,,
Chemnitz,Germany,241511.2661,,
Sterlitamak,Russia,240965.2939,,
Córdoba,Spain,239915.6164,,
Kassel,Germany,238930.6166,,
Bielefeld,Germany,238107.4825,,
Freiburg im Breisgau,Germany,238077.8324,,
Taganrog,Russia,237019.3519,,
Kaunas,Lithuania,236910.4903,,
Volzhskiy,Russia,236086.0473,,
Sarajevo,Bosnia and Herzegovina,235739.1356,,
Preston,United Kingdom,235599.3088,,
Cherkasy,Ukraine,233430.9051,,
Cergy,France,232576.1772,,
Galați,Romania,232216.8185,,
Kiel,Germany,231582.1665,,
Brasov,Romania,230437.8081,,
Poltava,Ukraine,230005.8073,,
Vladimir,Russia,227182.4613,,
Donostia / San Sebastián,Spain,226983.4594,,
Chernivtsi,Ukraine,225828.5465,,
Mönchengladbach,Germany,225599.8294,,
Nalchik,Russia,224565.6776,,
Khmelnytskyi,Ukraine,224407.29,,
Ivano-Frankivsk,Ukraine,223968.6383,,
Chernihiv,Ukraine,223890.0579,,
Tours,France,223833.9563,,
Košice,Slovakia,223173.369,,
Charleroi,Belgium,222465.2314,,
Sevastopol,Ukraine,220791.9204,,
Kostroma,Russia,220222.0012,,
Oviedo / Uviéu,Spain,219998.8177,,
Northampton,United Kingdom,219781.2778,,
Almada,Portugal,219476.9746,,
Krefeld,Germany,219356.9998,,
Dijon,France,219337.1238,,
Orléans,France,219331.6641,,
Niš,Serbia,219094.5821,,
Pristina,Kosovo,218970.5803,,
Aachen,Germany,218507.0053,,
Petrozavodsk,Russia,217903.0686,,
Nancy,France,217202.5256,,
Gdynia,Poland,216994.2913,,
Verona,Italy,216582.4882,,
Magdeburg,Germany,216131.3311,,
Split,Croatia,215967.8401,,
Chita,Russia,215428.3453,,
Rivne,Ukraine,214364.8852,,
Arkhangelsk,Russia,213274.9671,,
Cannes,France,212940.8053,,
Pescara,Italy,212590.4343,,
Sant Boi de Llobregat,Spain,212194.9223,,
Zhytomyr,Ukraine,210457.0785,,
Pyatigorsk,Russia,208440.8734,,
Khasavyurt,Russia,207881.4441,,
Haarlem,Netherlands,207592.2142,,
Halle (Saale),Germany,207111.9285,,
Reykjavik,Iceland,206894.8836,,
Tilburg,Netherlands,206798.0867,,
Santander,Spain,206301.7725,,
Kaspiysk,Russia,206082.3058,,
Stavanger,Norway,205533.3369,,
Milton Keynes,United Kingdom,205060.0899,,
Clermont-Ferrand,France,203170.3359,,
Nizhny Tagil,Russia,202217.1179,,
Lutsk,Ukraine,201605.9475,,
Roquetas de Mar,Spain,201233.2804,,
Walton-on-Thames,United Kingdom,200166.0816,,
Grays,United Kingdom,198471.3072,,
Maurepas,France,197578.2656,,
Rzeszów,Poland,197420.1945,,
Kamianske,Ukraine,196341.0492,,
Nizhnevartovsk,Russia,195704.5918,,
Kropyvnytskyi,Ukraine,195360.9726,,
Jerez,Spain,194300.7864,,
Arnhem,Netherlands,194293.4087,,
Montévrain,France,193867.4997,,
Bern,Switzerland,193473.7685,,
Komsomolsk-on-Amur,Russia,193295.3455,,
Makiivka,Ukraine,193226.2745,,
Aberdeen,United Kingdom,193154.9967,,
Brunswick,Germany,192852.6854,,
Swindon,United Kingdom,192422.1844,,
Blagoveshchensk,Russia,192404.8518,,
Reims,France,190718.1834,,
Nijmegen,Netherlands,190473.0072,,
Peterborough,United Kingdom,189937.2878,,
Blackpool,United Kingdom,189729.8781,,
Sochi,Russia,188724.2404,,
Norwich,United Kingdom,188535.3058,,
Ploiești,Romania,187350.1738,,
Mulhouse,France,187082.4467,,
Amersfoort,Netherlands,186755.789,,
Almere,Netherlands,185506.1528,,
Bila Tserkva,Ukraine,185037.6214,,
Ternopil,Ukraine,183217.1156,,
Шелепино,Russia,182550.6191,,
Sunderland,United Kingdom,180833.2133,,
Saint-Étienne,France,180472.3108,,
Metallurgicheskiy District,Russia,179388.7676,,
Baranavichy,Belarus,179059.1824,,
Messina,Italy,178836.2622,,
Trieste,Italy,178655.4552,,
Armavir,Russia,178118.0111,,
Heidelberg,Germany,178005.4855,,
Breda,Netherlands,177734.4773,,
Sumy,Ukraine,177433.2003,,
Babruysk,Belarus,177153.5923,,
Almeria,Spain,176307.2141,,
Toruń,Poland,176295.9391,,
Radom,Poland,176099.092,,
Lübeck,Germany,175411.2098,,
Erfurt,Germany,174627.6362,,
Potsdam,Germany,173762.3615,,
Tolyatti,Russia,172658.6891,,
Ipswich,United Kingdom,171225.5657,,
Alkmaar,Netherlands,171003.0002,,
Alcalá de Henares,Spain,170471.6354,,
Marbella,Spain,169907.7197,,
Le Havre,France,168168.8656,,
Oxford,United Kingdom,168021.497,,
Groningen,Netherlands,167781.9239,,
Slough,United Kingdom,167685.1294,,
Kielce,Poland,167459.9066,,
Dzerzhinsk,Russia,167435.8351,,
Abakan,Russia,167068.2904,,
Logroño,Spain,167010.1967,,
Oradea,Romania,164898.7173,,
Częstochowa,Poland,163595.1619,,
Biysk,Russia,162865.8477,,
Angers,France,162720.0414,,
Angarsk,Russia,162626.7025,,
Haleva,Belarus,162508.2531,,
Engels,Russia,162464.8682,,
Brăila,Romania,162040.7598,,
Luxembourg,Luxembourg,161302.506,,
Rostock,Germany,160700.3101,,
Mestre,Italy,160523.5272,,
Heerlen,Netherlands,160134.6723,,
Kolpino,Russia,160079.7931,,
Castelló de la Plana,Spain,159759.6055,,
Zielona Góra,Poland,159472.47,,
Heraklion,Greece,159048.8994,,
Huddersfield,United Kingdom,158949.0653,,
Nizhnekamsk,Russia,158701.9109,,
Dundee,United Kingdom,158327.4084,,
Ленинский,Russia,156888.1719,,
Elektrostal,Russia,156631.2891,,
Hagen,Germany,155456.7793,,
Torrejón de Ardoz,Spain,155231.1962,,
Modena,Italy,155015.1524,,
Tampere,Finland,153566.9399,,
Tarragona,Spain,152943.8722,,
Podgorica,Montenegro,152731.3553,,
Burgos,Spain,151942.098,,
Como,Italy,151878.2609,,
York,United Kingdom,151629.2888,,
Kurgan,Russia,151394.0943,,
Ostrava,Czechia,150765.9702,,
Swansea,United Kingdom,150621.2539,,
Regensburg,Germany,150501.7597,,
Alchevsk,Ukraine,150117.7068,,
Livorno,Italy,149982.7892,,
Caen,France,149421.6112,,
Olsztyn,Poland,148646.8853,,
Parma,Italy,148518.4509,,
Veliky Novgorod,Russia,148374.3032,,
Elx / Elche,Spain,148322.5422,,
Pitești,Romania,147708.8116,,
Oldenburg,Germany,147302.1995,,
Lens,France,147144.7399,,
Odense,Denmark,147088.0736,,
Lucerne,Switzerland,146604.0658,,
Pilsen,Czechia,146255.3815,,
Warrington,United Kingdom,146241.5713,,
Patras,Greece,146127.6819,,
León,Spain,145843.6144,,
Gloucester,United Kingdom,145717.5489,,
Pskov,Russia,145668.1118,,
's-Hertogenbosch,Netherlands,144846.1183,,
Innsbruck,Austria,144226.3775,,
Nazran,Russia,144166.0294,,
Barreiro,Portugal,143986.5122,,
Blackburn,United Kingdom,143625.3182,,
Horlivka,Ukraine,143612.1392,,
Salzburg,Austria,143451.6847,,
Salamanca,Spain,143061.8538,,
Trondheim,Norway,142103.7318,,
Mairena del Aljarafe,Spain,141830.3921,,
Kragujevac,Serbia,140855.9267,,
Le Mans,France,140413.8239,,
Gallarate,Italy,140409.3578,,
Metz,France,139826.9955,,
Burnley,United Kingdom,139523.4493,,
Debrecen,Hungary,139470.7908,,
Yakutsk,Russia,139151.9952,,
Lleida,Spain,138520.6654,,
Bergen,Norway,138237.0852,,
Cherkessk,Russia,137894.7985,,
Mataró,Spain,137625.3535,,
Albacete,Spain,137537.8041,,
Cork,Ireland,137272.0917,,
Bielsko-Biała,Poland,137192.2282,,
Bremerhaven,Germany,136384.015,,
Taranto,Italy,136105.0941,,
Cambridge,United Kingdom,136063.8615,,
Severodvinsk,Russia,136040.8497,,
Funchal,Portugal,135362.234,,
Telford,United Kingdom,135269.9919,,
Handen,Sweden,134312.3524,,
Sibiu,Romania,134213.1395,,
АЗС,Russia,133950.582,,
Koblenz,Germany,133939.2029,,
Uppsala,Sweden,133611.1352,,
Apeldoorn,Netherlands,133570.3391,,
Acilia,Italy,133434.6426,,
Wishaw,United Kingdom,133413.8589,,
Бункерная,Russia,132382.7525,,
Nimes,France,131979.3475,,
Durrës,Albania,131865.3928,,
Bryansk,Russia,131384.7873,,
Kremenchuk,Ukraine,130957.1832,,
Bacău,Romania,129974.0602,,
Ussurijsk,Russia,129676.9767,,
Neftekamsk,Russia,129583.0477,,
Volgodonsk,Russia,129475.2714,,
Enschede,Netherlands,129372.0396,,
Dunkirk,France,129033.1166,,
Salerno,Italy,128967.0216,,
Syktyvkar,Russia,128829.4272,,
Margate,United Kingdom,128755.5711,,
Reggio Calabria,Italy,128269.8638,,
Heilbronn,Germany,127946.5417,,
Heemskerk,Netherlands,127828.846,,
Târgu Mureș,Romania,127546.1826,,
Brest,France,127488.8141,,
Huelva,Spain,126786.7354,,
Foggia,Italy,126645.0393,,
Grimsby,United Kingdom,126609.3913,,
Rimini,Italy,126272.5112,,
Serpukhov,Russia,125981.9893,,
Algeciras,Spain,125868.1777,,
Saarbruecken,Germany,125455.5146,,
Rubtsovsk,Russia,125380.2288,,
Doncaster,United Kingdom,125304.7537,,
Shakhty,Russia,125196.8715,,
Maastricht,Netherlands,124921.4978,,
Perpignan,France,124596.3603,,
Maykop,Russia,124381.7341,,
Torremolinos,Spain,123789.4912,,
Zhilkino,Russia,123758.8951,,
Kislovodsk,Russia,123533.6363,,
Pécs,Hungary,123328.5093,,
Annecy,France,123116.1264,,
Kovrov,Russia,122871.9622,,
Girona,Spain,122502.0998,,
Szeged,Hungary,122060.1833,,
Vicenza,Italy,121637.2315,,
Uzhhorod,Ukraine,121221.6873,,
Würzburg,Germany,120858.0145,,
Colchester,United Kingdom,120250.9589,,
Arad,Romania,120148.544,,
Zwolle,Netherlands,120061.3355,,
Darmstadt,Germany,119982.1515,,
Reggio nell'Emilia,Italy,119756.1171,,
Yessentuki,Russia,119700.0693,,
Newport,United Kingdom,118959.1841,,
Brovary,Ukraine,118928.9393,,
Larissa,Greece,118892.1119,,
Osnabrück,Germany,118523.462,,
Young Leninist,Russia,118090.3999,,
Balakovo,Russia,117879.0691,,
Polegate,United Kingdom,117257.4312,,
Cheltenham,United Kingdom,116045.7329,,
Runcorn,United Kingdom,115857.2332,,
Lincoln,United Kingdom,115774.9864,,
Rijeka,Croatia,115636.247,,
Miskolc,Hungary,115425.4702,,
Ulm,Germany,115346.1753,,
Cádiz,Spain,114581.8572,,
Almetyevsk,Russia,114542.8827,,
Georgiyevsk,Russia,114342.7139,,
Orekhovo-Zouïevo,Russia,113890.01,,
Erlangen,Germany,113281.6764,,
Grozny,Russia,113095.279,,
Derbent,Russia,112956.1336,,
Zhodzina,Belarus,112099.6367,,
Melitopol,Ukraine,111891.9013,,
Cartagena,Spain,111591.5806,,
Reutlingen,Germany,111423.0539,,
Torquay,United Kingdom,111322.811,,
Wigan,United Kingdom,111295.956,,
Syzran,Russia,111241.327,,
Prizren,Kosovo,111237.2335,,
Bataysk,Russia,111055.2638,,
Elbląg,Poland,110758.2311,,
Blanchardstown,Ireland,110590.5383,,
Göttingen,Germany,110420.3022,,
Exeter,United Kingdom,110291.544,,
Nikopol,Ukraine,109993.4192,,
Basingstoke,United Kingdom,109991.1523,,
Elland,United Kingdom,109356.9116,,
Camberley,United Kingdom,108987.7376,,
High Wycombe,United Kingdom,108857.5595,,
Zhukovsky,Russia,108029.5817,,
Reinbek,Germany,107758.4204,,
Bedford,United Kingdom,107555.661,,
Bolzano - Bozen,Italy,107197.2602,,
Achotnica,Belarus,107103.0959,,
Crawley,United Kingdom,106963.9818,,
Yuzhno-Sakhalinsk,Russia,106911.554,,
Chelmsford,United Kingdom,106498.992,,
Helsingborg,Sweden,106339.2243,,
Limoges,France,105730.001,,
Orsk,Russia,105622.2991,,
Badajoz,Spain,105441.7768,,
Maidstone,United Kingdom,105233.4047,,
Tychy,Poland,104630.7147,,
Basildon,United Kingdom,104556.051,,
Turku,Finland,104248.0551,,
Pushkin,Russia,104220.0476,,
Västerås,Sweden,104147.4109,,
Obninsk,Russia,104004.8846,,
Sirius,Russia,103908.2251,,
Valenciennes,France,103438.6988,,
Klaipėda,Lithuania,103209.9429,,
Nevinnomyssk,Russia,103094.4386,,
Sunzha,Russia,102787.7461,,
Amiens,France,102612.0191,,
Winterthur,Switzerland,102238.4452,,
Burgas,Bulgaria,102154.1037,,
Troyes,France,101937.2899,,
Massa,Italy,101572.4905,,
Udine,Italy,101453.7458,,
Granollers,Spain,101153.773,,
Kolomna,Russia,101135.2866,,
Worcester,United Kingdom,101123.2585,,
Aalborg,Denmark,101028.5999,,
Baia Mare,Romania,100934.428,,
Paderborn,Germany,100503.7056,,
Kultaevo,Russia,100469.182,,
Barnsley,United Kingdom,100382.288,,
Stary Oskol,Russia,100351.308,,
Amora,Portugal,100347.4849,,
Volos,Greece,99655.65514,,
Sergiyev Posad,Russia,99478.07605,,
Setúbal,Portugal,99295.06672,,
Rüsselsheim am Main,Germany,99119.41342,,
Kramatorsk,Ukraine,99066.10096,,
Botoșani,Romania,98974.89452,,
Besançon,France,98833.7836,,
Фокинский район,Russia,97858.04793,,
Dos Hermanas,Spain,97843.81987,,
Gliwice,Poland,97806.8056,,
Oktjabrski,Russia,97408.17588,,
Andria,Italy,96784.34591,,
Varese,Italy,96728.39667,,
Berezniki,Russia,96386.68481,,
Gorzów Wielkopolski,Poland,96212.12341,,
Elista,Russia,96053.45239,,
Pau,France,95976.04812,,
Murom,Russia,95974.68818,,
Syracuse,Italy,95712.13148,,
Piacenza,Italy,95643.25433,,
Dimitrovgrad,Russia,95281.17525,,
Ioannina,Greece,94899.50257,,
Чапаева,Belarus,94473.54356,,
Koszalin,Poland,94410.528,,
Lancaster,United Kingdom,94359.06772,,
Örebro,Sweden,94012.38017,,
Buzău,Romania,93986.71489,,
Salavat,Russia,93692.81078,,
Braga,Portugal,93375.88154,,
Warwick,United Kingdom,93272.28875,,
Novi Pazar,Serbia,93109.80952,,
Lund,Sweden,93090.59345,,
Poitiers,France,93031.67173,,
Leeuwarden,Netherlands,92943.521,,
Seversk,Russia,92892.77915,,
Stevenage,United Kingdom,92863.88964,,
Arzamas,Russia,92652.92738,,
Terni,Italy,92462.94548,,
Forlì,Italy,92392.81612,,
Novara,Italy,92131.18989,,
Barletta,Italy,92130.52382,,
Tiraspol,Moldova,92114.09473,,
Lecco,Italy,92030.59649,,
Lugano,Switzerland,91994.79803,,
Trento,Italy,91889.88983,,
Helmond,Netherlands,91836.7953,,
Kamyshin,Russia,91668.67447,,
Opole,Poland,91438.19024,,
Hengelo,Netherlands,91380.46031,,
Sloviansk,Ukraine,91074.20289,,
Ferrara,Italy,91054.87544,,
Coatbridge,United Kingdom,91000.45383,,
Yevpatoriya,Ukraine,90934.30818,,
Sassari,Italy,90912.9384,,
Mineralnye Vody,Russia,90848.97708,,
Hastings,United Kingdom,90625.53051,,
Ourense,Spain,90571.00994,,
Hoyland,United Kingdom,90420.12099,,
Ravenna,Italy,90308.69948,,
Norrköping,Sweden,90148.85433,,
Banja Luka,Bosnia and Herzegovina,90139.76976,,
Pforzheim,Germany,90108.20447,,
Chesterfield,United Kingdom,90040.73898,,
Novocherkassk,Russia,89494.94818,,
Kyzyl,Russia,89448.44279,,
Novocheboksarsk,Russia,89352.20902,,
Pontefract,United Kingdom,89280.78382,,
Hildesheim,Germany,89238.32689,,
Suceava,Romania,89152.46813,,
Bayonne,France,89011.86906,,
Ingolstadt,Germany,88782.30244,,
Trier,Germany,88553.38469,,
Gyor,Hungary,88497.91885,,
Jaén,Spain,88442.72918,,
Fuengirola,Spain,88166.42568,,
La Spezia,Italy,87708.69059,,
Reus,Spain,87459.55068,,
Siegen,Germany,87402.46892,,
Hartlepool,United Kingdom,87343.30678,,
Kortrijk,Belgium,87309.76063,,
Трудовое,Russia,87274.56703,,
Rivas-Vaciamadrid,Spain,87129.51928,,
Le Mée-sur-Seine,France,87033.18016,,
Liberec,Czechia,86840.96848,,
Anzio,Italy,86677.86908,,
Кондратово,Russia,86510.10322,,
Hemel Hempstead,United Kingdom,86406.14356,,
Chester-le-Street,United Kingdom,86307.22153,,
Darlington,United Kingdom,86204.16179,,
La Louvière,Belgium,86085.72549,,
Cannock,United Kingdom,86018.16661,,
Mansfield,United Kingdom,86003.78525,,
St Albans,United Kingdom,85971.13385,,
Treviso,Italy,85654.36922,,
Barysaw,Belarus,85274.42783,,
Cosenza,Italy,84898.15251,,
Linköping,Sweden,84827.98002,,
Purmerend,Netherlands,84537.59006,,
Sievierodonetsk,Ukraine,84489.6034,,
La Rochelle,France,84390.78169,,
Oulu,Finland,84384.04068,,
Kamianets-Podilskyi,Ukraine,84179.06435,,
Buynaksk,Russia,84176.14629,,
Bugulma,Russia,84083.58967,,
Hilversum,Netherlands,84040.57923,,
Bath,United Kingdom,83938.31967,,
Лада,Russia,83612.8291,,
České Budějovice,Czechia,83563.75967,,
Chambéry,France,83363.66576,,
Nakhodka,Russia,83145.92804,,
Drohobych,Ukraine,83120.01058,,
Ruse,Bulgaria,83022.21805,,
Lecce,Italy,82977.08491,,
Słupsk,Poland,82929.61885,,
Olomouc,Czechia,82848.4228,,
Кислино,Russia,82814.97336,,
посёлок Нагорный,Russia,82723.19185,,
Nuneaton,United Kingdom,82632.75862,,
Khartsyzk,Ukraine,82625.02695,,
Glazov,Russia,82435.82711,,
Lido di Ostia,Italy,82404.34994,,
Deventer,Netherlands,82272.58968,,
Ostend,Belgium,82243.27412,,
Kalisz,Poland,82184.77645,,
Latina,Italy,82137.14956,,
Eastleigh,United Kingdom,82105.42462,,
Jena,Germany,82103.50289,,
Sarapul,Russia,81804.87875,,
Фосфоритный,Russia,81653.73266,,
Weston-super-Mare,United Kingdom,81615.13352,,
Drobeta-Turnu Severin,Romania,81559.51373,,
Aix-en-Provence,France,81548.28777,,
Scunthorpe,United Kingdom,81516.73783,,
Noyabrsk,Russia,80978.37664,,
Odintsovo,Russia,80851.06631,,
Szőlőhegy,Hungary,80826.28595,,
Chester,United Kingdom,80812.90396,,
Greve Strand,Denmark,80684.72245,,
Дзержинский район,Russia,80663.28243,,
Kaiserslautern,Germany,80640.89438,,
Harlow,United Kingdom,80506.88479,,
Maribor,Slovenia,80272.12593,,
Klagenfurt,Austria,80260.80954,,
Bratsk,Russia,80230.83354,,
Oleksandriia,Ukraine,79954.16233,,
Mikhaylovsk,Russia,79814.32928,,
Sindelfingen,Germany,79745.47391,,
Satu Mare,Romania,79654.91942,,
San Giuseppe Vesuviano,Italy,79612.05163,,
Subotica,Serbia,79457.42584,,
Southport,United Kingdom,79444.07476,,
Creil,France,79264.26204,,
Ceuta,Spain,78996.42033,,
San Fernando,Spain,78622.61821,,
Miass,Russia,78619.97184,,
Nyíregyháza,Hungary,78595.11406,,
Avignon,France,78051.31654,,
Legnica,Poland,77540.35721,,
Ancona,Italy,77488.2833,,
Kerch,Ukraine,77377.16865,,
Stara Zagora,Bulgaria,77341.65251,,
Leuven,Belgium,77291.93647,,
Gera,Germany,77224.54254,,
Prešov,Slovakia,77202.53577,,
Shkoder,Albania,77144.26737,,
Poissy,France,77129.40658,,
Fazeley,United Kingdom,77040.53584,,
Achinsk,Russia,77038.21848,,
Redditch,United Kingdom,77018.16955,,
Temse,Belgium,76827.37589,,
Collado Villalba,Spain,76422.34947,,
Pavlohrad,Ukraine,76282.97426,,
Landshut,Germany,76205.77891,,
Gouda,Netherlands,76076.71928,,
Votkinsk,Russia,75832.12898,,
Волгогрэс,Russia,75660.13776,,
Legionowo,Poland,75563.29943,,
Flensburg,Germany,75425.73314,,
Borca,Serbia,75301.18819,,
Siedlce,Poland,75112.92494,,
Montreux,Switzerland,75089.02771,,
Székesfehérvár,Hungary,75062.63089,,
Swords,Ireland,75048.59864,,
Pordenone,Italy,75038.12653,,
Göppingen,Germany,74966.67288,,
Carlisle,United Kingdom,74910.8524,,
Almelo,Netherlands,74875.18968,,
Brianka,Ukraine,74831.04499,,
Vlora,Albania,74501.23133,,
Hamm,Germany,74181.11156,,
Grudziądz,Poland,74167.06916,,
Castelldefels,Spain,74153.16134,,
Rugby,United Kingdom,74134.36893,,
Tartu,Estonia,74087.18365,,
Ashford,United Kingdom,73929.37105,,
Acireale,Italy,73897.79794,,
Galway,Ireland,73625.4237,,
Uman,Ukraine,73558.66949,,
Remscheid,Germany,73507.64444,,
Mantes-la-Ville,France,73436.69125,,
Belebei,Russia,73384.33236,,
Berdsk,Russia,73270.94823,,
Pavia,Italy,73236.36891,,
Hanau,Germany,73158.92101,,
Kecskemét,Hungary,73079.5978,,
Brindisi,Italy,73015.26948,,
Włocławek,Poland,72909.54997,,
Balashov,Russia,72854.23079,,
Bracknell,United Kingdom,72829.05761,,
Lobnya,Russia,72792.2505,,
Kizlyar,Russia,72756.55155,,
Ritterhude,Germany,72629.22893,,
East Kilbride,United Kingdom,72626.31114,,
Yegoryevsk,Russia,72579.68793,,
Bamberg,Germany,72467.31076,,
Hoorn,Netherlands,72423.03982,,
Lorient,France,72374.07392,,
Cottbus - Chóśebuz,Germany,72345.6289,,
Calais,France,72072.05079,,
Yenakiieve,Ukraine,72025.15884,,
Guildford,United Kingdom,72017.41856,,
Tarnów,Poland,71927.47614,,
Stryi,Ukraine,71824.34041,,
Valence,France,71750.94016,,
Nowy Sącz,Poland,71560.85833,,
Blantyre,United Kingdom,71547.49367,,
Biel/Bienne,Switzerland,71459.40867,,
Marignane,France,71452.07492,,
Tetovo,North Macedonia,71259.16002,,
Yelets,Russia,71182.65827,,
Nefteyugansk,Russia,71052.2464,,
Płock,Poland,71015.82028,,
Kirkby-in-Ashfield,United Kingdom,70993.8764,,
Avellino,Italy,70955.83421,,
Thun,Switzerland,70905.0996,,
Melilla,Spain,70883.93046,,
Orsha,Belarus,70875.76736,,
Mukachevo,Ukraine,70871.08815,,
Labinsk,Russia,70721.40471,,
Aylesbury,United Kingdom,70635.14729,,
Shrewsbury,United Kingdom,70622.11963,,
Čačak,Serbia,70621.69312,,
Olten,Switzerland,70493.57456,,
Azov,Russia,70429.38573,,
Piatra Neamț,Romania,70378.26867,,
Wolfsburg,Germany,70340.39578,,
Focșani,Romania,70272.73859,,
Rosenheim,Germany,70132.97928,,
Cuartería El Uno,Spain,70094.84332,,
Derry/Londonderry,United Kingdom,70080.19886,,
Kumanovo,North Macedonia,70030.96108,,
Berdiansk,Ukraine,70025.66508,,
Lelystad,Netherlands,69984.59441,,
Pervouralsk,Russia,69983.33524,,
Panevėžys,Lithuania,69937.74778,,
Lowestoft,United Kingdom,69920.40887,,
Sagasi-Deybuk,Russia,69780.25323,,
Kraljevo,Serbia,69753.80236,,
Telde,Spain,69456.8762,,
Ramenskoye,Russia,69401.85389,,
St. Gallen,Switzerland,69371.3974,,
Béziers,France,69194.29326,,
Osijek,Croatia,69144.38196,,
Frameries,Belgium,69134.21966,,
Dema,Russia,69087.90306,,
Lubin,Poland,69044.04608,,
Belorechensk,Russia,68957.47239,,
Surgut,Russia,68951.85195,,
Södertälje,Sweden,68810.42418,,
Kuznetsk,Russia,68549.11235,,
Crewe,United Kingdom,68538.88402,,
Annemasse,France,68464.00017,,
Serov,Russia,68460.3829,,
Elbasan,Albania,68429.24606,,
Kropotkin,Russia,68370.03426,,
Noginsk,Russia,68367.47816,,
Wettingen,Switzerland,68353.1392,,
Freiburg im Üechtland,Switzerland,68281.89298,,
Guadalajara,Spain,68272.12931,,
Bakhmut,Ukraine,68172.75363,,
Rybnitsa,Moldova,68168.67131,,
Trapani,Italy,68122.28301,,
Zadar,Croatia,68048.00058,,
Hradec Králové,Czechia,68043.53386,,
Kamensk-Uralsky,Russia,68037.26513,,
Stafford,United Kingdom,67942.82828,,
Suwałki,Poland,67937.35359,,
Сафоново,Russia,67672.71375,,
Benidorm,Spain,67654.11814,,
Elda,Spain,67604.50675,,
Kizilyurt,Russia,67532.3029,,
Sant Vicenç dels Horts,Spain,67478.02915,,
Zheleznogorsk,Russia,67434.66453,,
Valdemoro,Spain,67177.80025,,
Berdychiv,Ukraine,67099.47375,,
Bruges,Belgium,67047.28449,,
Pardubice,Czechia,66878.03896,,
Kovel,Ukraine,66812.64899,,
Zlatoust,Russia,66802.98685,,
Burton-on-Trent,United Kingdom,66654.0737,,
Žilina,Slovakia,66636.18648,,
Chartres,France,66598.60088,,
Konotop,Ukraine,66495.6031,,
Ivanteyevka,Russia,66436.40916,,
Beloretsk,Russia,66427.40259,,
Chania,Greece,66402.82523,,
Boulogne-sur-Mer,France,66341.86985,,
Michurinsk,Russia,66260.91061,,
Brčko,Bosnia and Herzegovina,66145.84629,,
Nola,Italy,66018.98984,,
Târgoviște,Romania,65785.58882,,
Chervonohrad,Ukraine,65767.14133,,
Pisa,Italy,65763.653,,
Khanty-Mansiysk,Russia,65656.21917,,
Дунай,Russia,65624.71495,,
Rybnik,Poland,65621.97923,,
Buzuluk,Russia,65616.09208,,
Savona,Italy,65461.31904,,
Great Yarmouth,United Kingdom,65392.04352,,
Alphen aan den Rijn,Netherlands,65329.92683,,
Zenica,Bosnia and Herzegovina,65296.33387,,
Harrogate,United Kingdom,65245.69059,,
Bender,Moldova,65117.84226,,
Inowrocław,Poland,65095.33336,,
Veenendaal,Netherlands,65075.3121,,
Łomża,Poland,65067.82504,,
Jönköping,Sweden,64999.35474,,
Tübingen,Germany,64930.01078,,
Umeå,Sweden,64854.02958,,
Ferizaj,Kosovo,64848.42028,,
Roosendaal,Netherlands,64767.75132,,
Fryazino,Russia,64636.29431,,
Vilanova i la Geltrú,Spain,64594.7362,,
Royal Tunbridge Wells,United Kingdom,64556.6889,,
Colmar,France,64536.60295,,
Neumünster,Germany,64451.19596,,
Avilés,Spain,64412.02217,,
Kopeysk,Russia,64384.65566,,
Mechelen,Belgium,64350.95407,,
Wołomin,Poland,64128.49512,,
Burton Latimer,United Kingdom,64104.34607,,
Novotroitsk,Russia,64073.01222,,
Torrevieja,Spain,64071.7291,,
Alessandria,Italy,63954.91742,,
Apsheronsk,Russia,63872.82739,,
Loughborough,United Kingdom,63850.07876,,
Slavyansk-na-Kubani,Russia,63708.35074,,
Pančevo,Serbia,63595.37687,,
Bognor Regis,United Kingdom,63584.68961,,
Manresa,Spain,63541.62288,,
Novouralsk,Russia,63513.66211,,
Târgu Jiu,Romania,63417.42998,,
Лобаново,Russia,63319.6401,,
Constance,Germany,63309.62607,,
Kladno,Czechia,63246.62655,,
Namur,Belgium,63217.47165,,
Ishim,Russia,63183.39578,,
Ostrów Wielkopolski,Poland,63175.87382,,
Oswaldtwistle,United Kingdom,63002.14171,,
Yalta,Ukraine,62911.75283,,
Tikhoretsk,Russia,62800.47626,,
Pila,Poland,62698.8816,,
Douai,France,62395.99097,,
Novomoskovsk,Russia,62101.68592,,
Bangor,United Kingdom,62100.89597,,
Novovolynsk,Ukraine,62058.40723,,
Venice,Italy,61950.69069,,
Velikiye Luki,Russia,61885.25782,,
Kempten (Allgäu),Germany,61827.04329,,
Bayreuth,Germany,61756.91488,,
Zwickau,Germany,61730.44628,,
Usolye-Sibirskoye,Russia,61726.92843,,
Magadan,Russia,61571.95391,,
Marl,Germany,61466.91178,,
Zrenjanin,Serbia,61394.75543,,
Gela,Italy,61362.47027,,
Belfort,France,61318.86497,,
Mitrovica,Kosovo,61316.77513,,
El Puerto de Santa María,Spain,61146.4122,,
Gießen,Germany,61143.28584,,
Los Cristianos,Spain,61040.00135,,
Mezhdurechensk,Russia,61023.32601,,
Pabianice,Poland,61019.8848,,
Delmenhorst,Germany,60918.47723,,
Arras,France,60902.50835,,
Unna,Germany,60887.29576,,
Kruševac,Serbia,60867.22507,,
Reigate,United Kingdom,60772.14614,,
Oss,Netherlands,60726.34526,,
Banská Bystrica,Slovakia,60512.77016,,
Ede,Netherlands,60472.54898,,
Hinckley,United Kingdom,60467.94955,,
Tujmazy,Russia,60398.56771,,
Lysychansk,Ukraine,60334.5058,,
Neuwied,Germany,60145.42993,,
Krymsk,Russia,60064.86817,,
Chapaevsk,Russia,59669.90507,,
Bergen op Zoom,Netherlands,59650.08572,,
Falkirk,United Kingdom,59625.69381,,
Stargard,Poland,59566.37509,,
Havířov,Czechia,59522.78276,,
Râmnicu Vâlcea,Romania,59490.73328,,
Ozyorsk,Russia,59485.04817,,
Battipaglia,Italy,59462.91972,,
Gniezno,Poland,59444.47694,,
Bitola,North Macedonia,59415.74433,,
Novomoskovsk,Ukraine,59344.54619,,
Zelenodol'sk,Russia,59299.72055,,
Érd,Hungary,59237.36602,,
Livingston,United Kingdom,59218.81536,,
Ústí nad Labem,Czechia,59096.5796,,
Shostka,Ukraine,59078.97813,,
Pejë,Kosovo,58701.69806,,
Zamość,Poland,58690.87446,,
Lüdenscheid,Germany,58684.3931,,
Ferrol,Spain,58665.84322,,
Yeysk,Russia,58631.98301,,
Tuapse,Russia,58526.61999,,
Tobolsk,Russia,58511.79317,,
Altamura,Italy,58438.63723,,
Chistopol,Russia,58396.12178,,
St. Helier,Jersey,58332.71829,,
Vigevano,Italy,58332.4758,,
Maidenhead,United Kingdom,58261.36522,,
Pesaro,Italy,58186.82703,,
Hoofddorp,Netherlands,58173.25024,,
Novy Urengoy,Russia,58144.10085,,
Keighley,United Kingdom,58091.9112,,
Póvoa de Varzim,Portugal,58087.73114,,
Taunton,United Kingdom,57938.58549,,
Leninogorsk,Russia,57911.62378,,
Borisoglebsk,Russia,57845.37425,,
Slatina,Romania,57761.46059,,
Kadiivka,Ukraine,57761.05472,,
Aldershot,United Kingdom,57655.8582,,
Ajaccio,France,57574.6666,,
Palencia,Spain,57573.45775,,
Новый городок,Russia,57550.12334,,
Сылва,Russia,57474.31669,,
Ellesmere Port,United Kingdom,57467.65294,,
Klin,Russia,57428.58043,,
Tczew,Poland,57324.57494,,
Cherbourg-en-Cotentin,France,57244.48617,,
Kamensk-Shakhtinsky,Russia,57220.38003,,
Lozova,Ukraine,57204.03027,,
Leszno,Poland,57191.97282,,
Corby,United Kingdom,57188.14939,,
Lahti,Finland,57173.54045,,
Smila,Ukraine,57144.04887,,
Lüneburg,Germany,57130.25577,,
Sal'sk,Russia,57097.83347,,
Talavera de la Reina,Spain,57079.33347,,
Elk,Poland,57063.87574,,
Dormagen,Germany,57035.82719,,
Igualada,Spain,56924.3291,,
Gütersloh,Germany,56912.67964,,
Jyväskylä,Finland,56662.50918,,
Budyonnovsk,Russia,56615.50301,,
Aarau,Switzerland,56541.05907,,
Baksan,Russia,56467.96521,,
Trnava,Slovakia,56412.20562,,
Saint-Nazaire,France,56336.98575,,
Saint-Brieuc,France,56275.81064,,
Aschaffenburg,Germany,56227.72668,,
Szombathely,Hungary,56105.90584,,
Dunfermline,United Kingdom,56093.80521,,
Perugia,Italy,55989.22037,,
Artyom,Russia,55944.98673,,
Lysva,Russia,55871.99532,,
Wejherowo,Poland,55702.02448,,
Prokhladny,Russia,55604.11957,,
Sopron,Hungary,55594.443,,
Jastrzębie-Zdrój,Poland,55581.83397,,
Hereford,United Kingdom,55483.21617,,
Minusinsk,Russia,55421.35242,,
Sant Andreu de la Barca,Spain,55405.96623,,
Розвилка,Ukraine,55347.57039,,
Nitra,Slovakia,55298.95885,,
Iserlohn,Germany,55295.30409,,
Fier,Albania,55279.44284,,
Pokrovsk,Ukraine,55117.01948,,
Tuzla,Bosnia and Herzegovina,55005.6624,,
Molfetta,Italy,54998.66358,,
La Orotava,Spain,54942.8139,,
Geleen,Netherlands,54936.87826,,
Zarechny,Russia,54874.2833,,
Feodosia,Ukraine,54744.49111,,
Tivoli,Italy,54729.3495,,
Przemyśl,Poland,54621.57138,,
Bagheria,Italy,54616.1658,,
Bridgend,United Kingdom,54428.53393,,
Ciudad Real,Spain,54362.22398,,
Bussum,Netherlands,54330.61409,,
Wels,Austria,54304.2776,,
Montbéliard,France,54295.86861,,
Angoulême,France,54288.90306,,
Belovo,Russia,54269.23663,,
Atamanovo,Russia,54238.57218,,
Kirovo-Chepetsk,Russia,54225.00995,,
Minden,Germany,54081.28783,,
Stalowa Wola,Poland,54024.58698,,
Littlehampton,United Kingdom,54010.60312,,
Bassano del Grappa,Italy,53996.09343,,
Gerlingen,Germany,53949.09439,,
Kungur,Russia,53896.69038,,
Ekerö,Sweden,53867.69606,,
Salekhard,Russia,53827.37545,,
Maasvlakte,Netherlands,53774.57522,,
Chernogorsk,Russia,53732.03606,,
Drachevo,North Macedonia,53691.13911,,
Trani,Italy,53666.0094,,
Tromsø,Norway,53615.03084,,
Bălți,Moldova,53610.23357,,
Bourges,France,53519.6783,,
Южный,Russia,53490.50698,,
Fulda,Germany,53457.57154,,
Druzhkivka,Ukraine,53287.33952,,
Ibiza,Spain,53269.84918,,
Sverdlovsk,Ukraine,53255.22802,,
Albano Laziale,Italy,53226.83387,,
Bisceglie,Italy,53132.35662,,
Kidderminster,United Kingdom,53096.01663,,
Carpi,Italy,53090.24004,,
Tomaszów Mazowiecki,Poland,53049.97661,,
Alcoi / Alcoy,Spain,53019.13978,,
Nikšić,Montenegro,52874.53621,,
Mielec,Poland,52872.33797,,
La Línea de la Concepción,Spain,52861.23534,,
13-й микрорайон,Russia,52570.76271,,
Arganda del Rey,Spain,52549.05962,,
Prilep,North Macedonia,52540.12378,,
Rossosh,Russia,52520.85652,,
Meaux,France,52428.75032,,
Folkestone,United Kingdom,52312.787,,
Bistrița,Romania,52236.36867,,
Lucca,Italy,52201.25167,,
Hennigsdorf,Germany,52195.35533,,
Verviers,Belgium,52176.46957,,
Grosseto,Italy,52134.16841,,
Bełchatów,Poland,52131.23342,,
Fredrikstad,Norway,52113.60916,,
Anapa,Russia,52022.66787,,
Leskovac,Serbia,51941.16765,,
Eskilstuna,Sweden,51932.95688,,
Voskresensk,Russia,51876.87372,,
Lagunen,Norway,51870.92455,,
Neuchâtel,Switzerland,51771.99185,,
Drammen,Norway,51726.02123,,
Arezzo,Italy,51670.7977,,
Pervomaisk,Ukraine,51646.96385,,
Bocholt,Germany,51607.3797,,
Canterbury,United Kingdom,51596.01209,,
Bregenz,Austria,51519.49397,,
Pavlovo,Russia,51497.54025,,
Gjakova,Kosovo,51450.14651,,
Daugavpils,Latvia,51342.07978,,
Krasnodon,Ukraine,51313.36858,,
Świdnica,Poland,51057.9381,,
Chełm,Poland,51035.57797,,
Kryzhanivka,Ukraine,50990.74201,,
Barry,United Kingdom,50986.97233,,
Schweinfurt,Germany,50947.1129,,
Izobilnyy,Russia,50889.4071,,
Piotrków Trybunalski,Poland,50882.47537,,
Cremona,Italy,50804.2183,,
Ravensburg,Germany,50771.10689,,
Gostivar,North Macedonia,50728.96139,,
Livny,Russia,50685.00973,,
Houten,Netherlands,50661.97543,,
Roeselare,Belgium,50561.9207,,
Rumia,Poland,50531.26526,,
Yugorsk,Russia,50483.52615,,
Borås,Sweden,50459.41512,,
Rovenky,Ukraine,50425.95932,,
Schwerin,Germany,50235.93414,,
Alexandrov,Russia,50201.89347,,
Kurganinsk,Russia,50106.92081,,
